"Hugo_Symbol","Tumor_Sample_Barcode","Variant_Classification","HGVSp_Short"
"RHOA","DLBCL_DUKE_1008","Missense_Mutation","G17A"
"GNA13","DLBCL_DUKE_1016","Missense_Mutation","W233R"
"GNA13","DLBCL_DUKE_2043","Nonsense_Mutation","Q27*"
"GNA13","DLBCL_DUKE_2057","Missense_Mutation","F252L"
"RHOA","DLBCL_DUKE_2073","Missense_Mutation","D65E"
"RHOA","DLBCL_DUKE_2073","Missense_Mutation","D76E"
"RHOA","DLBCL_DUKE_2073","Missense_Mutation","Y74N"
"GNA13","DLBCL_DUKE_2075","Missense_Mutation","E41G"
"RHOA","DLBCL_DUKE_2084","Missense_Mutation","L69P"
"GNA13","DLBCL_DUKE_2088","Nonsense_Mutation","K363*"
"GNA13","DLBCL_DUKE_2091","Missense_Mutation","K61M"
"GNA13","DLBCL_DUKE_2097","Missense_Mutation","N115D"
"S1PR2","DLBCL_DUKE_2102","Nonsense_Mutation","C44*"
"S1PR2","DLBCL_DUKE_2102","Missense_Mutation","V241D"
"GNA13","DLBCL_DUKE_2127","Missense_Mutation","L19P"
"GNAI2","DLBCL_DUKE_2138","Missense_Mutation","K17R"
"GNA13","DLBCL_DUKE_2141","Missense_Mutation","S268F"
"RHOA","DLBCL_DUKE_2146","Missense_Mutation","E64K"
"GNA13","DLBCL_DUKE_2161","Missense_Mutation","S268F"
"GNA13","DLBCL_DUKE_2163","Missense_Mutation","L48P"
"CXCR4","DLBCL_DUKE_2190","Missense_Mutation","I4T"
"GNA13","DLBCL_DUKE_2199","Missense_Mutation","F177S"
"S1PR2","DLBCL_DUKE_2208","Missense_Mutation","T90P"
"RHOA","DLBCL_DUKE_2209","Missense_Mutation","C20R"
"S1PR2","DLBCL_DUKE_2209","Missense_Mutation","I114N"
"S1PR2","DLBCL_DUKE_2209","Missense_Mutation","Y140N"
"GNA13","DLBCL_DUKE_2211","Nonsense_Mutation","K61*"
"CXCR4","DLBCL_DUKE_2217","Missense_Mutation","A303T"
"RHOA","DLBCL_DUKE_2229","Missense_Mutation","R5Q"
"GNA13","DLBCL_DUKE_2255","Nonsense_Mutation","Q67*"
"S1PR2","DLBCL_DUKE_2271","Missense_Mutation","R329H"
"GNA13","DLBCL_DUKE_2278","Missense_Mutation","G60D"
"GNA13","DLBCL_DUKE_2290","Nonsense_Mutation","Q67*"
"CXCR4","DLBCL_DUKE_2291","Missense_Mutation","F107L"
"RHOA","DLBCL_DUKE_2459","Missense_Mutation","E54K"
"GNA13","DLBCL_DUKE_2471","Missense_Mutation","F211V"
"GNA13","DLBCL_DUKE_2471","Missense_Mutation","S31F"
"GNA13","DLBCL_DUKE_2475","Missense_Mutation","D195G"
"GNA13","DLBCL_DUKE_2475","Missense_Mutation","D294V"
"GNA13","DLBCL_DUKE_2475","Nonsense_Mutation","L181*"
"GNA13","DLBCL_DUKE_2475","Missense_Mutation","R264C"
"RHOA","DLBCL_DUKE_2483","Missense_Mutation","R5Q"
"GNA13","DLBCL_DUKE_2528","Missense_Mutation","T365S"
"GNA13","DLBCL_DUKE_2543","Missense_Mutation","I243R"
"GNA13","DLBCL_DUKE_2549","Missense_Mutation","D294N"
"GNA13","DLBCL_DUKE_2551","Missense_Mutation","E267K"
"CXCR4","DLBCL_DUKE_2554","Missense_Mutation","G332E"
"RHOA","DLBCL_DUKE_2561","Missense_Mutation","A161T"
"CXCR4","DLBCL_DUKE_2580","Missense_Mutation","I6R"
"GNA13","DLBCL_DUKE_2585","Nonsense_Mutation","E311*"
"RHOA","DLBCL_DUKE_2603","Missense_Mutation","D78N"
"GNA13","DLBCL_DUKE_2620","Missense_Mutation","L53Q"
"RHOA","DLBCL_DUKE_2626","Missense_Mutation","Y42C"
"GNA13","DLBCL_DUKE_2635","Nonsense_Mutation","R260*"
"GNA13","DLBCL_DUKE_2636","Frame_Shift_Ins","E82Afs*21"
"GNA13","DLBCL_DUKE_2636","Missense_Mutation","M68K"
"GNA13","DLBCL_DUKE_2644","Missense_Mutation","M375V"
"S1PR2","DLBCL_DUKE_2654","Missense_Mutation","D256V"
"GNA13","DLBCL_DUKE_2664","Nonsense_Mutation","Q27*"
"RHOA","DLBCL_DUKE_2669","Missense_Mutation","W58R"
"CXCR4","DLBCL_DUKE_2677","Frame_Shift_Ins","V340Ifs*5"
"S1PR2","DLBCL_DUKE_2677","Missense_Mutation","F198C"
"S1PR2","DLBCL_DUKE_2677","Missense_Mutation","I205T"
"GNAI2","DLBCL_DUKE_2700","Missense_Mutation","T182A"
"GNA13","DLBCL_DUKE_2704","Missense_Mutation","I196M"
"GNA13","DLBCL_DUKE_2704","Missense_Mutation","Q194P"
"GNA13","DLBCL_DUKE_2704","Nonsense_Mutation","Q28*"
"GNA13","DLBCL_DUKE_2704","Missense_Mutation","V216A"
"GNAI2","DLBCL_DUKE_2718","Missense_Mutation","D103N"
"GNAI2","DLBCL_DUKE_2766","Missense_Mutation","K17R"
"GNA13","DLBCL_DUKE_2781","Missense_Mutation","F252L"
"RHOA","DLBCL_DUKE_2790","Missense_Mutation","R5Q"
"GNAI2","DLBCL_DUKE_2790","Missense_Mutation","R179C"
"GNA13","DLBCL_DUKE_2805","Missense_Mutation","K61M"
"GNAI2","DLBCL_DUKE_2816","Missense_Mutation","L176Q"
"GNA13","DLBCL_DUKE_2820","Nonsense_Mutation","K30*"
"GNA13","DLBCL_DUKE_2827","Missense_Mutation","G60D"
"S1PR2","DLBCL_DUKE_2834","Missense_Mutation","C44Y"
"S1PR2","DLBCL_DUKE_2834","Nonsense_Mutation","Y268*"
"GNA13","DLBCL_DUKE_2834","Frame_Shift_Ins","A349Hfs*14"
"RHOA","DLBCL_DUKE_2838","Missense_Mutation","V38M"
"RHOA","DLBCL_DUKE_2839","Missense_Mutation","R5Q"
"S1PR2","DLBCL_DUKE_2882","Nonsense_Mutation","Y18*"
"GNA13","DLBCL_DUKE_2899","Missense_Mutation","L296I"
"GNA13","DLBCL_DUKE_2900","Nonsense_Mutation","C236*"
"GNA13","DLBCL_DUKE_2901","Missense_Mutation","I71S"
"GNA13","DLBCL_DUKE_2901","Missense_Mutation","Q27P"
"GNA13","DLBCL_DUKE_2904","Missense_Mutation","I287V"
"GNA13","DLBCL_DUKE_2904","Missense_Mutation","I366F"
"GNAI2","DLBCL_DUKE_2908","Missense_Mutation","V50I"
"GNA13","DLBCL_DUKE_2917","Missense_Mutation","R264C"
"GNA13","DLBCL_DUKE_2923","Missense_Mutation","L52P"
"CXCR4","DLBCL_DUKE_2933","Nonsense_Mutation","K38*"
"S1PR2","DLBCL_DUKE_2933","Missense_Mutation","E16D"
"S1PR2","DLBCL_DUKE_2933","Frame_Shift_Ins","E16Gfs*73"
"S1PR2","DLBCL_DUKE_2933","Missense_Mutation","H17P"
"GNAI2","DLBCL_DUKE_2951","Missense_Mutation","R243H"
"GNA13","DLBCL_DUKE_2951","Nonsense_Mutation","Q27*"
"RHOA","DLBCL_DUKE_2952","Missense_Mutation","A3V"
"CXCR4","DLBCL_DUKE_2952","Missense_Mutation","T8S"
"GNA13","DLBCL_DUKE_2955","Missense_Mutation","N291H"
"GNA13","DLBCL_DUKE_2996","Missense_Mutation","I271F"
"GNA13","DLBCL_DUKE_2996","Missense_Mutation","N370S"
"RHOA","DLBCL_DUKE_2998","Missense_Mutation","N41S"
"GNA13","DLBCL_DUKE_3386","Nonsense_Mutation","E208*"
"GNA13","DLBCL_DUKE_3390","Missense_Mutation","M220R"
"GNA13","DLBCL_DUKE_3422","Missense_Mutation","G60D"
"GNA13","DLBCL_DUKE_3441","Frame_Shift_Ins","L265Pfs*9"
"GNAI2","DLBCL_DUKE_3448","Missense_Mutation","C255R"
"GNA13","DLBCL_DUKE_3451","Nonsense_Mutation","Q226*"
"GNA13","DLBCL_DUKE_3453","Nonsense_Mutation","E273*"
"GNA13","DLBCL_DUKE_3453","Missense_Mutation","F245S"
"CXCR4","DLBCL_DUKE_3459","Nonsense_Mutation","G336*"
"S1PR2","DLBCL_DUKE_3475","Missense_Mutation","L173Q"
"GNAI2","DLBCL_DUKE_3489","Missense_Mutation","T183M"
"S1PR2","DLBCL_DUKE_3513","Missense_Mutation","A36T"
"GNAI2","DLBCL_DUKE_3517","Missense_Mutation","R243H"
"RHOA","DLBCL_DUKE_3528","Missense_Mutation","E64K"
"GNA13","DLBCL_DUKE_3548","Missense_Mutation","K46R"
"RHOA","DLBCL_DUKE_3549","Missense_Mutation","N41S"
"GNA13","DLBCL_DUKE_3560","Frame_Shift_Ins","R360Ffs*3"
"GNA13","DLBCL_DUKE_3563","Nonsense_Mutation","Q144*"
"GNAI2","DLBCL_DUKE_3586","Missense_Mutation","D103N"
"GNA13","DLBCL_DUKE_3586","Missense_Mutation","H207P"
"S1PR2","DLBCL_DUKE_3600","Nonsense_Mutation","Q34*"
"GNA13","DLBCL_DUKE_3600","Frame_Shift_Ins","G55Afs*50"
"GNA13","DLBCL_DUKE_3608","Missense_Mutation","D222N"
"GNA13","DLBCL_DUKE_3609","Missense_Mutation","D222N"
"GNA13","DLBCL_DUKE_3609","Missense_Mutation","G224S"
"GNA13","DLBCL_DUKE_3618","Missense_Mutation","D222V"
"GNAI2","DLBCL_DUKE_3625","Missense_Mutation","R179C"
"GNA13","DLBCL_DUKE_3653","Missense_Mutation","V255E"
"S1PR2","DLBCL_DUKE_3655","Missense_Mutation","Y8S"
"GNA13","DLBCL_DUKE_3659","Nonsense_Mutation","Q28*"
"GNA13","DLBCL_DUKE_3661","Missense_Mutation","T63I"
"RHOA","DLBCL_DUKE_3668","Missense_Mutation","R5Q"
"CXCR4","DLBCL_DUKE_3669","Translation_Start_Site","M1?"
"GNA13","DLBCL_DUKE_3669","Nonsense_Mutation","R166*"
"GNA13","DLBCL_DUKE_3674","Missense_Mutation","N291S"
"GNAI2","DLBCL_DUKE_3683","Missense_Mutation","T182A"
"GNA13","DLBCL_DUKE_3683","Nonsense_Mutation","K61*"
"GNAI2","DLBCL_DUKE_3694","Missense_Mutation","V50I"
"S1PR2","DLBCL_DUKE_3712","Missense_Mutation","N51D"
"S1PR2","DLBCL_DUKE_3712","Missense_Mutation","V35E"
"S1PR2","DLBCL_DUKE_3712","Missense_Mutation","Y8S"
"GNA13","DLBCL_DUKE_3717","Nonstop_Mutation","*378Rext*8"
"GNA13","DLBCL_DUKE_3718","Missense_Mutation","E24K"
"GNA13","DLBCL_DUKE_3718","Missense_Mutation","I366T"
"GNA13","DLBCL_DUKE_3718","Missense_Mutation","L52P"
"GNAI2","DLBCL_DUKE_3724","Missense_Mutation","E14K"
"GNA13","DLBCL_DUKE_3737","Missense_Mutation","E41K"
"RHOA","DLBCL_DUKE_3742","Missense_Mutation","P138L"
"RHOA","DLBCL_DUKE_3743","Missense_Mutation","P138L"
"GNA13","DLBCL_DUKE_3745","Nonsense_Mutation","Q28*"
"RHOA","DLBCL_DUKE_3747","Missense_Mutation","D120N"
"GNAI2","DLBCL_DUKE_3751","Missense_Mutation","E14K"
"CXCR4","DLBCL_DUKE_3760","Nonsense_Mutation","S338*"
"S1PR2","DLBCL_DUKE_3760","Missense_Mutation","I167V"
"S1PR2","DLBCL_DUKE_3770","Missense_Mutation","N171D"
"GNAI2","DLBCL_DUKE_3782","Missense_Mutation","T182A"
"GNA13","DLBCL_DUKE_3783","Missense_Mutation","T365S"
"RHOA","DLBCL_DUKE_3784","Missense_Mutation","E54K"
"GNA13","DLBCL_DUKE_3812","Missense_Mutation","G60D"
"GNA13","DLBCL_DUKE_3816","Missense_Mutation","I287N"
"GNA13","DLBCL_DUKE_3816","Nonsense_Mutation","L181*"
"S1PR2","DLBCL_DUKE_3834","Missense_Mutation","S119F"
"GNA13","DLBCL_DUKE_3838","Missense_Mutation","F312V"
"GNA13","DLBCL_DUKE_3840","Nonsense_Mutation","Q28*"
"CXCR4","DLBCL_DUKE_3842","Nonsense_Mutation","W102*"
"RHOA","DLBCL_DUKE_3867","Missense_Mutation","L69P"
"GNA13","DLBCL_DUKE_3867","Missense_Mutation","K42E"
"GNA13","DLBCL_DUKE_3871","Missense_Mutation","M68K"
"S1PR2","DLBCL_DUKE_3882","Missense_Mutation","D79V"
"GNAI2","DLBCL_DUKE_3887","Missense_Mutation","E14K"
"GNA13","DLBCL_DUKE_3889","Missense_Mutation","N283S"
"GNA13","DLBCL_DUKE_3895","Missense_Mutation","G60D"
"GNA13","DLBCL_DUKE_3904","Missense_Mutation","I70S"
"GNA13","DLBCL_DUKE_3904","Missense_Mutation","L38P"
"RHOA","DLBCL_DUKE_3909","Missense_Mutation","L69P"
"RHOA","DLBCL_DUKE_3914","Missense_Mutation","R5Q"
"RHOA","DLBCL_DUKE_3916","Missense_Mutation","R5Q"
"GNAI2","DLBCL_DUKE_3916","Missense_Mutation","A12T"
"GNA13","DLBCL_DUKE_3927","Nonsense_Mutation","Q27*"
"RHOA","DLBCL_DUKE_3940","Missense_Mutation","R5Q"
"GNAI2","DLBCL_DUKE_3942","Missense_Mutation","D103N"
"RHOA","DLBCL_DUKE_3945","Missense_Mutation","V192I"
"GNA13","DLBCL_DUKE_3952","Missense_Mutation","N370S"
"GNA13","DLBCL_DUKE_3963","Missense_Mutation","R227G"
"GNAI2","DLBCL_DUKE_3971","Missense_Mutation","E14K"
"GNA13","DLBCL_DUKE_3974","Nonsense_Mutation","K32*"
"CXCR4","DLBCL_DUKE_3987","Translation_Start_Site","M1?"
"GNA13","DLBCL_DUKE_3990","Missense_Mutation","D195G"
"S1PR2","DLBCL_DUKE_3996","Missense_Mutation","M68R"
"S1PR2","DLBCL_DUKE_3996","Missense_Mutation","Y69N"
"GNA13","DLBCL_DUKE_705","Missense_Mutation","D294V"
"GNA13","DLBCL_DUKE_705","Missense_Mutation","D364V"
"CXCR4","DLBCL_DUKE_829","Missense_Mutation","S123C"
