uniqueSampleKey,uniquePatientKey,molecularProfileId,sampleId,patientId,entrezGeneId,gene,studyId,center,mutationStatus,validationStatus,tumorAltCount,tumorRefCount,startPosition,endPosition,referenceAllele,proteinChange,mutationType,ncbiBuild,variantType,keyword,chr,variantAllele,refseqMrnaId,proteinPosStart,proteinPosEnd,normalAltCount,normalRefCount,hugoGeneSymbol,functional_class
RExCQ0wtTFMxNTU6ZGxiY2xfZGZjaV8yMDE4,RExCQ0wtTFMxNTU6ZGxiY2xfZGZjaV8yMDE4,dlbcl_dfci_2018_mutations,DLBCL-LS155,DLBCL-LS155,9294,"{'entrezGeneId': 9294, 'hugoGeneSymbol': 'S1PR2', 'type': 'protein-coding'}",dlbcl_dfci_2018,broad.mit.edu,,,14,155,10335449,10335449,A,C45R,Missense_Mutation,GRCh37,SNP,S1PR2 C45 missense,19,G,NM_004230.3,45,45,,,S1PR2,LoF_possible
RExCQ0wtTFMxODk5OmRsYmNsX2RmY2lfMjAxOA,RExCQ0wtTFMxODk5OmRsYmNsX2RmY2lfMjAxOA,dlbcl_dfci_2018_mutations,DLBCL-LS1899,DLBCL-LS1899,286530,"{'entrezGeneId': 286530, 'hugoGeneSymbol': 'P2RY8', 'type': 'protein-coding'}",dlbcl_dfci_2018,broad.mit.edu,,,7,45,1584689,1584689,A,F255I,Missense_Mutation,GRCh37,SNP,P2RY8 F255 missense,23,T,NM_178129.4,255,255,,,P2RY8,LoF_possible
RExCQ0wtTFMxODk5OmRsYmNsX2RmY2lfMjAxOA,RExCQ0wtTFMxODk5OmRsYmNsX2RmY2lfMjAxOA,dlbcl_dfci_2018_mutations,DLBCL-LS1899,DLBCL-LS1899,286530,"{'entrezGeneId': 286530, 'hugoGeneSymbol': 'P2RY8', 'type': 'protein-coding'}",dlbcl_dfci_2018,broad.mit.edu,,,7,44,1584691,1584691,T,N254S,Missense_Mutation,GRCh37,SNP,P2RY8 N254 missense,23,C,NM_178129.4,254,254,,,P2RY8,LoF_possible
RExCQ0wtTFMxOTIxOmRsYmNsX2RmY2lfMjAxOA,RExCQ0wtTFMxOTIxOmRsYmNsX2RmY2lfMjAxOA,dlbcl_dfci_2018_mutations,DLBCL-LS1921,DLBCL-LS1921,10672,"{'entrezGeneId': 10672, 'hugoGeneSymbol': 'GNA13', 'type': 'protein-coding'}",dlbcl_dfci_2018,broad.mit.edu,,,45,65,63010544,63010544,A,V322G,Missense_Mutation,GRCh37,SNP,GNA13 V322 missense,17,C,NM_006572.4,322,322,,,GNA13,LoF_likely
RExCQ0wtTFMxOTIxOmRsYmNsX2RmY2lfMjAxOA,RExCQ0wtTFMxOTIxOmRsYmNsX2RmY2lfMjAxOA,dlbcl_dfci_2018_mutations,DLBCL-LS1921,DLBCL-LS1921,10672,"{'entrezGeneId': 10672, 'hugoGeneSymbol': 'GNA13', 'type': 'protein-coding'}",dlbcl_dfci_2018,broad.mit.edu,,,7,58,63010942,63010942,A,Y189*,Nonsense_Mutation,GRCh37,SNP,GNA13 truncating,17,T,NM_006572.4,189,189,,,GNA13,LoF_truncating
RExCQ0wtTFMxOTIxOmRsYmNsX2RmY2lfMjAxOA,RExCQ0wtTFMxOTIxOmRsYmNsX2RmY2lfMjAxOA,dlbcl_dfci_2018_mutations,DLBCL-LS1921,DLBCL-LS1921,286530,"{'entrezGeneId': 286530, 'hugoGeneSymbol': 'P2RY8', 'type': 'protein-coding'}",dlbcl_dfci_2018,broad.mit.edu,,,22,8,1584910,1584910,C,W181*,Nonsense_Mutation,GRCh37,SNP,P2RY8 truncating,23,T,NM_178129.4,181,181,,,P2RY8,LoF_truncating
RExCQ0wtTFMyMzI4OmRsYmNsX2RmY2lfMjAxOA,RExCQ0wtTFMyMzI4OmRsYmNsX2RmY2lfMjAxOA,dlbcl_dfci_2018_mutations,DLBCL-LS2328,DLBCL-LS2328,10672,"{'entrezGeneId': 10672, 'hugoGeneSymbol': 'GNA13', 'type': 'protein-coding'}",dlbcl_dfci_2018,broad.mit.edu,,,14,50,63010718,63010718,C,R264H,Missense_Mutation,GRCh37,SNP,GNA13 R264 missense,17,T,NM_006572.4,264,264,,,GNA13,LoF_likely
RExCQ0wtTFMyMzI4OmRsYmNsX2RmY2lfMjAxOA,RExCQ0wtTFMyMzI4OmRsYmNsX2RmY2lfMjAxOA,dlbcl_dfci_2018_mutations,DLBCL-LS2328,DLBCL-LS2328,10672,"{'entrezGeneId': 10672, 'hugoGeneSymbol': 'GNA13', 'type': 'protein-coding'}",dlbcl_dfci_2018,broad.mit.edu,,,16,107,63052543,63052543,C,G57S,Missense_Mutation,GRCh37,SNP,GNA13 G57 missense,17,T,NM_006572.4,57,57,,,GNA13,LoF_likely
RExCQ0wtTFMyMzY3OmRsYmNsX2RmY2lfMjAxOA,RExCQ0wtTFMyMzY3OmRsYmNsX2RmY2lfMjAxOA,dlbcl_dfci_2018_mutations,DLBCL-LS2367,DLBCL-LS2367,10672,"{'entrezGeneId': 10672, 'hugoGeneSymbol': 'GNA13', 'type': 'protein-coding'}",dlbcl_dfci_2018,broad.mit.edu,,,6,41,63010398,63010398,G,L371F,Missense_Mutation,GRCh37,SNP,GNA13 L371 missense,17,A,NM_006572.4,371,371,,,GNA13,LoF_likely
RExCQ0wtTFMyNTk5OmRsYmNsX2RmY2lfMjAxOA,RExCQ0wtTFMyNTk5OmRsYmNsX2RmY2lfMjAxOA,dlbcl_dfci_2018_mutations,DLBCL-LS2599,DLBCL-LS2599,9294,"{'entrezGeneId': 9294, 'hugoGeneSymbol': 'S1PR2', 'type': 'protein-coding'}",dlbcl_dfci_2018,broad.mit.edu,,,33,75,10335481,10335481,T,Q34P,Missense_Mutation,GRCh37,SNP,S1PR2 Q34 missense,19,G,NM_004230.3,34,34,,,S1PR2,LoF_possible
RExCQ0wtTFMyNTk5OmRsYmNsX2RmY2lfMjAxOA,RExCQ0wtTFMyNTk5OmRsYmNsX2RmY2lfMjAxOA,dlbcl_dfci_2018_mutations,DLBCL-LS2599,DLBCL-LS2599,10672,"{'entrezGeneId': 10672, 'hugoGeneSymbol': 'GNA13', 'type': 'protein-coding'}",dlbcl_dfci_2018,broad.mit.edu,,,62,64,63010692,63010692,C,E273*,Nonsense_Mutation,GRCh37,SNP,GNA13 truncating,17,A,NM_006572.4,273,273,,,GNA13,LoF_truncating
RExCQ0wtTFMyOTc6ZGxiY2xfZGZjaV8yMDE4,RExCQ0wtTFMyOTc6ZGxiY2xfZGZjaV8yMDE4,dlbcl_dfci_2018_mutations,DLBCL-LS297,DLBCL-LS297,10672,"{'entrezGeneId': 10672, 'hugoGeneSymbol': 'GNA13', 'type': 'protein-coding'}",dlbcl_dfci_2018,broad.mit.edu,,,24,179,63052611,63052611,A,I34T,Missense_Mutation,GRCh37,SNP,GNA13 I34 missense,17,G,NM_006572.4,34,34,,,GNA13,LoF_likely
RExCQ0wtTFMyOTc6ZGxiY2xfZGZjaV8yMDE4,RExCQ0wtTFMyOTc6ZGxiY2xfZGZjaV8yMDE4,dlbcl_dfci_2018_mutations,DLBCL-LS297,DLBCL-LS297,10672,"{'entrezGeneId': 10672, 'hugoGeneSymbol': 'GNA13', 'type': 'protein-coding'}",dlbcl_dfci_2018,broad.mit.edu,,,34,73,63010692,63010692,C,E273K,Missense_Mutation,GRCh37,SNP,GNA13 E273 missense,17,T,NM_006572.4,273,273,,,GNA13,LoF_likely
RExCQ0wtTFMyOTc6ZGxiY2xfZGZjaV8yMDE4,RExCQ0wtTFMyOTc6ZGxiY2xfZGZjaV8yMDE4,dlbcl_dfci_2018_mutations,DLBCL-LS297,DLBCL-LS297,10672,"{'entrezGeneId': 10672, 'hugoGeneSymbol': 'GNA13', 'type': 'protein-coding'}",dlbcl_dfci_2018,broad.mit.edu,,,16,97,63010541,63010554,TGGACGTCTCTTAA,L319Kfs*38,Frame_Shift_Del,GRCh37,DEL,GNA13 truncating,17,-,NM_006572.4,319,319,0.0,0.0,GNA13,LoF_truncating
RExCQ0wtTFMzMjA0OmRsYmNsX2RmY2lfMjAxOA,RExCQ0wtTFMzMjA0OmRsYmNsX2RmY2lfMjAxOA,dlbcl_dfci_2018_mutations,DLBCL-LS3204,DLBCL-LS3204,286530,"{'entrezGeneId': 286530, 'hugoGeneSymbol': 'P2RY8', 'type': 'protein-coding'}",dlbcl_dfci_2018,broad.mit.edu,,,11,12,1585297,1585297,A,M52K,Missense_Mutation,GRCh37,SNP,P2RY8 M52 missense,23,T,NM_178129.4,52,52,,,P2RY8,LoF_possible
RExCQ0wtTFMzODIwOmRsYmNsX2RmY2lfMjAxOA,RExCQ0wtTFMzODIwOmRsYmNsX2RmY2lfMjAxOA,dlbcl_dfci_2018_mutations,DLBCL-LS3820,DLBCL-LS3820,9294,"{'entrezGeneId': 9294, 'hugoGeneSymbol': 'S1PR2', 'type': 'protein-coding'}",dlbcl_dfci_2018,broad.mit.edu,,,34,43,10335367,10335367,A,L72P,Missense_Mutation,GRCh37,SNP,S1PR2 L72 missense,19,G,NM_004230.3,72,72,,,S1PR2,LoF_possible
RExCQ0wtTFMzODY2OmRsYmNsX2RmY2lfMjAxOA,RExCQ0wtTFMzODY2OmRsYmNsX2RmY2lfMjAxOA,dlbcl_dfci_2018_mutations,DLBCL-LS3866,DLBCL-LS3866,286530,"{'entrezGeneId': 286530, 'hugoGeneSymbol': 'P2RY8', 'type': 'protein-coding'}",dlbcl_dfci_2018,broad.mit.edu,,,14,42,1584701,1584701,C,A251T,Missense_Mutation,GRCh37,SNP,P2RY8 A251 missense,23,T,NM_178129.4,251,251,,,P2RY8,LoF_possible
RExCQ0wtTFM0NTkyOmRsYmNsX2RmY2lfMjAxOA,RExCQ0wtTFM0NTkyOmRsYmNsX2RmY2lfMjAxOA,dlbcl_dfci_2018_mutations,DLBCL-LS4592,DLBCL-LS4592,286530,"{'entrezGeneId': 286530, 'hugoGeneSymbol': 'P2RY8', 'type': 'protein-coding'}",dlbcl_dfci_2018,broad.mit.edu,,,52,18,1584607,1584607,C,S282N,Missense_Mutation,GRCh37,SNP,P2RY8 S282 missense,23,T,NM_178129.4,282,282,,,P2RY8,LoF_possible
RExCQ0wtTUFZT19ETEJDTF8yMzQ6ZGxiY2xfZGZjaV8yMDE4,RExCQ0wtTUFZT19ETEJDTF8yMzQ6ZGxiY2xfZGZjaV8yMDE4,dlbcl_dfci_2018_mutations,DLBCL-MAYO_DLBCL_234,DLBCL-MAYO_DLBCL_234,286530,"{'entrezGeneId': 286530, 'hugoGeneSymbol': 'P2RY8', 'type': 'protein-coding'}",dlbcl_dfci_2018,broad.mit.edu,,,16,22,1584749,1584749,C,A235T,Missense_Mutation,GRCh37,SNP,P2RY8 A235 missense,23,T,NM_178129.4,235,235,,,P2RY8,LoF_possible
RExCQ0wtTUFZT19ETEJDTF8yMzQ6ZGxiY2xfZGZjaV8yMDE4,RExCQ0wtTUFZT19ETEJDTF8yMzQ6ZGxiY2xfZGZjaV8yMDE4,dlbcl_dfci_2018_mutations,DLBCL-MAYO_DLBCL_234,DLBCL-MAYO_DLBCL_234,286530,"{'entrezGeneId': 286530, 'hugoGeneSymbol': 'P2RY8', 'type': 'protein-coding'}",dlbcl_dfci_2018,broad.mit.edu,,,7,28,1584875,1584875,A,F193L,Missense_Mutation,GRCh37,SNP,P2RY8 F193 missense,23,G,NM_178129.4,193,193,,,P2RY8,LoF_possible
RExCQ0wtTUFZT19ETEJDTF8yMzQ6ZGxiY2xfZGZjaV8yMDE4,RExCQ0wtTUFZT19ETEJDTF8yMzQ6ZGxiY2xfZGZjaV8yMDE4,dlbcl_dfci_2018_mutations,DLBCL-MAYO_DLBCL_234,DLBCL-MAYO_DLBCL_234,286530,"{'entrezGeneId': 286530, 'hugoGeneSymbol': 'P2RY8', 'type': 'protein-coding'}",dlbcl_dfci_2018,broad.mit.edu,,,12,25,1584928,1584928,C,C175Y,Missense_Mutation,GRCh37,SNP,P2RY8 C175 missense,23,T,NM_178129.4,175,175,,,P2RY8,LoF_possible
RExCQ0wtTUFZT19ETEJDTF8zNjUzOmRsYmNsX2RmY2lfMjAxOA,RExCQ0wtTUFZT19ETEJDTF8zNjUzOmRsYmNsX2RmY2lfMjAxOA,dlbcl_dfci_2018_mutations,DLBCL-MAYO_DLBCL_3653,DLBCL-MAYO_DLBCL_3653,387,"{'entrezGeneId': 387, 'hugoGeneSymbol': 'RHOA', 'type': 'protein-coding'}",dlbcl_dfci_2018,broad.mit.edu,,,10,89,49413010,49413010,G,R5W,Missense_Mutation,GRCh37,SNP,RHOA R5 missense,3,A,NM_001664.2,5,5,,,RHOA,LoF_hotspot
RExCQ0wtTUFZT19ETEJDTF8zNjUzOmRsYmNsX2RmY2lfMjAxOA,RExCQ0wtTUFZT19ETEJDTF8zNjUzOmRsYmNsX2RmY2lfMjAxOA,dlbcl_dfci_2018_mutations,DLBCL-MAYO_DLBCL_3653,DLBCL-MAYO_DLBCL_3653,286530,"{'entrezGeneId': 286530, 'hugoGeneSymbol': 'P2RY8', 'type': 'protein-coding'}",dlbcl_dfci_2018,broad.mit.edu,,,13,111,1584572,1584572,A,Y294D,Missense_Mutation,GRCh37,SNP,P2RY8 Y294 missense,23,C,NM_178129.4,294,294,,,P2RY8,LoF_possible
