uniqueSampleKey,uniquePatientKey,molecularProfileId,sampleId,patientId,entrezGeneId,gene,studyId,center,mutationStatus,validationStatus,startPosition,endPosition,referenceAllele,proteinChange,mutationType,ncbiBuild,variantType,keyword,chr,variantAllele,refseqMrnaId,proteinPosStart,proteinPosEnd,hugoGeneSymbol,functional_class
RExCQ0xfRFVLRV8xMDA4OmRsYmNsX2R1a2VfMjAxNw,RExCQ0xfRFVLRV8xMDA4OmRsYmNsX2R1a2VfMjAxNw,dlbcl_duke_2017_mutations,DLBCL_DUKE_1008,DLBCL_DUKE_1008,387,"{'entrezGeneId': 387, 'hugoGeneSymbol': 'RHOA', 'type': 'protein-coding'}",dlbcl_duke_2017,Duke University,,,49412973,49412973,C,G17A,Missense_Mutation,GRCh37,SNP,RHOA G17 missense,3,G,NM_001664.2,17,17,RHOA,LoF_hotspot
RExCQ0xfRFVLRV8xMDE2OmRsYmNsX2R1a2VfMjAxNw,RExCQ0xfRFVLRV8xMDE2OmRsYmNsX2R1a2VfMjAxNw,dlbcl_duke_2017_mutations,DLBCL_DUKE_1016,DLBCL_DUKE_1016,10672,"{'entrezGeneId': 10672, 'hugoGeneSymbol': 'GNA13', 'type': 'protein-coding'}",dlbcl_duke_2017,Duke University,,,63010812,63010812,A,W233R,Missense_Mutation,GRCh37,SNP,GNA13 W233 missense,17,T,NM_006572.4,233,233,GNA13,LoF_likely
RExCQ0xfRFVLRV8yMDQzOmRsYmNsX2R1a2VfMjAxNw,RExCQ0xfRFVLRV8yMDQzOmRsYmNsX2R1a2VfMjAxNw,dlbcl_duke_2017_mutations,DLBCL_DUKE_2043,DLBCL_DUKE_2043,10672,"{'entrezGeneId': 10672, 'hugoGeneSymbol': 'GNA13', 'type': 'protein-coding'}",dlbcl_duke_2017,Duke University,,,63052633,63052633,G,Q27*,Nonsense_Mutation,GRCh37,SNP,GNA13 truncating,17,A,NM_006572.4,27,27,GNA13,LoF_truncating
RExCQ0xfRFVLRV8yMDU3OmRsYmNsX2R1a2VfMjAxNw,RExCQ0xfRFVLRV8yMDU3OmRsYmNsX2R1a2VfMjAxNw,dlbcl_duke_2017_mutations,DLBCL_DUKE_2057,DLBCL_DUKE_2057,10672,"{'entrezGeneId': 10672, 'hugoGeneSymbol': 'GNA13', 'type': 'protein-coding'}",dlbcl_duke_2017,Duke University,,,63010755,63010755,A,F252L,Missense_Mutation,GRCh37,SNP,GNA13 F252 missense,17,G,NM_006572.4,252,252,GNA13,LoF_likely
RExCQ0xfRFVLRV8yMDczOmRsYmNsX2R1a2VfMjAxNw,RExCQ0xfRFVLRV8yMDczOmRsYmNsX2R1a2VfMjAxNw,dlbcl_duke_2017_mutations,DLBCL_DUKE_2073,DLBCL_DUKE_2073,387,"{'entrezGeneId': 387, 'hugoGeneSymbol': 'RHOA', 'type': 'protein-coding'}",dlbcl_duke_2017,Duke University,,,49405910,49405910,A,D76E,Missense_Mutation,GRCh37,SNP,RHOA D76 missense,3,C,NM_001664.2,76,76,RHOA,LoF_likely
RExCQ0xfRFVLRV8yMDczOmRsYmNsX2R1a2VfMjAxNw,RExCQ0xfRFVLRV8yMDczOmRsYmNsX2R1a2VfMjAxNw,dlbcl_duke_2017_mutations,DLBCL_DUKE_2073,DLBCL_DUKE_2073,387,"{'entrezGeneId': 387, 'hugoGeneSymbol': 'RHOA', 'type': 'protein-coding'}",dlbcl_duke_2017,Duke University,,,49405918,49405918,A,Y74N,Missense_Mutation,GRCh37,SNP,RHOA Y74 missense,3,T,NM_001664.2,74,74,RHOA,LoF_likely
RExCQ0xfRFVLRV8yMDczOmRsYmNsX2R1a2VfMjAxNw,RExCQ0xfRFVLRV8yMDczOmRsYmNsX2R1a2VfMjAxNw,dlbcl_duke_2017_mutations,DLBCL_DUKE_2073,DLBCL_DUKE_2073,387,"{'entrezGeneId': 387, 'hugoGeneSymbol': 'RHOA', 'type': 'protein-coding'}",dlbcl_duke_2017,Duke University,,,49405943,49405943,A,D65E,Missense_Mutation,GRCh37,SNP,RHOA D65 missense,3,C,NM_001664.2,65,65,RHOA,LoF_likely
RExCQ0xfRFVLRV8yMDc1OmRsYmNsX2R1a2VfMjAxNw,RExCQ0xfRFVLRV8yMDc1OmRsYmNsX2R1a2VfMjAxNw,dlbcl_duke_2017_mutations,DLBCL_DUKE_2075,DLBCL_DUKE_2075,10672,"{'entrezGeneId': 10672, 'hugoGeneSymbol': 'GNA13', 'type': 'protein-coding'}",dlbcl_duke_2017,Duke University,,,63052590,63052590,T,E41G,Missense_Mutation,GRCh37,SNP,GNA13 E41 missense,17,C,NM_006572.4,41,41,GNA13,LoF_likely
RExCQ0xfRFVLRV8yMDg0OmRsYmNsX2R1a2VfMjAxNw,RExCQ0xfRFVLRV8yMDg0OmRsYmNsX2R1a2VfMjAxNw,dlbcl_duke_2017_mutations,DLBCL_DUKE_2084,DLBCL_DUKE_2084,387,"{'entrezGeneId': 387, 'hugoGeneSymbol': 'RHOA', 'type': 'protein-coding'}",dlbcl_duke_2017,Duke University,,,49405932,49405932,A,L69P,Missense_Mutation,GRCh37,SNP,RHOA L69 missense,3,G,NM_001664.2,69,69,RHOA,LoF_likely
RExCQ0xfRFVLRV8yMDg4OmRsYmNsX2R1a2VfMjAxNw,RExCQ0xfRFVLRV8yMDg4OmRsYmNsX2R1a2VfMjAxNw,dlbcl_duke_2017_mutations,DLBCL_DUKE_2088,DLBCL_DUKE_2088,10672,"{'entrezGeneId': 10672, 'hugoGeneSymbol': 'GNA13', 'type': 'protein-coding'}",dlbcl_duke_2017,Duke University,,,63010422,63010422,T,K363*,Nonsense_Mutation,GRCh37,SNP,GNA13 truncating,17,A,NM_006572.4,363,363,GNA13,LoF_truncating
RExCQ0xfRFVLRV8yMDkxOmRsYmNsX2R1a2VfMjAxNw,RExCQ0xfRFVLRV8yMDkxOmRsYmNsX2R1a2VfMjAxNw,dlbcl_duke_2017_mutations,DLBCL_DUKE_2091,DLBCL_DUKE_2091,10672,"{'entrezGeneId': 10672, 'hugoGeneSymbol': 'GNA13', 'type': 'protein-coding'}",dlbcl_duke_2017,Duke University,,,63052530,63052530,T,K61M,Missense_Mutation,GRCh37,SNP,GNA13 K61 missense,17,A,NM_006572.4,61,61,GNA13,LoF_likely
RExCQ0xfRFVLRV8yMDk3OmRsYmNsX2R1a2VfMjAxNw,RExCQ0xfRFVLRV8yMDk3OmRsYmNsX2R1a2VfMjAxNw,dlbcl_duke_2017_mutations,DLBCL_DUKE_2097,DLBCL_DUKE_2097,10672,"{'entrezGeneId': 10672, 'hugoGeneSymbol': 'GNA13', 'type': 'protein-coding'}",dlbcl_duke_2017,Duke University,,,63049787,63049787,T,N115D,Missense_Mutation,GRCh37,SNP,GNA13 N115 missense,17,C,NM_006572.4,115,115,GNA13,LoF_likely
RExCQ0xfRFVLRV8yMTAyOmRsYmNsX2R1a2VfMjAxNw,RExCQ0xfRFVLRV8yMTAyOmRsYmNsX2R1a2VfMjAxNw,dlbcl_duke_2017_mutations,DLBCL_DUKE_2102,DLBCL_DUKE_2102,9294,"{'entrezGeneId': 9294, 'hugoGeneSymbol': 'S1PR2', 'type': 'protein-coding'}",dlbcl_duke_2017,Duke University,,,10334860,10334860,A,V241D,Missense_Mutation,GRCh37,SNP,S1PR2 V241 missense,19,T,NM_004230.3,241,241,S1PR2,LoF_possible
RExCQ0xfRFVLRV8yMTAyOmRsYmNsX2R1a2VfMjAxNw,RExCQ0xfRFVLRV8yMTAyOmRsYmNsX2R1a2VfMjAxNw,dlbcl_duke_2017_mutations,DLBCL_DUKE_2102,DLBCL_DUKE_2102,9294,"{'entrezGeneId': 9294, 'hugoGeneSymbol': 'S1PR2', 'type': 'protein-coding'}",dlbcl_duke_2017,Duke University,,,10335450,10335450,A,C44*,Nonsense_Mutation,GRCh37,SNP,S1PR2 truncating,19,T,NM_004230.3,44,44,S1PR2,LoF_truncating
RExCQ0xfRFVLRV8yMTI3OmRsYmNsX2R1a2VfMjAxNw,RExCQ0xfRFVLRV8yMTI3OmRsYmNsX2R1a2VfMjAxNw,dlbcl_duke_2017_mutations,DLBCL_DUKE_2127,DLBCL_DUKE_2127,10672,"{'entrezGeneId': 10672, 'hugoGeneSymbol': 'GNA13', 'type': 'protein-coding'}",dlbcl_duke_2017,Duke University,,,63052656,63052656,A,L19P,Missense_Mutation,GRCh37,SNP,GNA13 L19 missense,17,G,NM_006572.4,19,19,GNA13,LoF_likely
RExCQ0xfRFVLRV8yMTQxOmRsYmNsX2R1a2VfMjAxNw,RExCQ0xfRFVLRV8yMTQxOmRsYmNsX2R1a2VfMjAxNw,dlbcl_duke_2017_mutations,DLBCL_DUKE_2141,DLBCL_DUKE_2141,10672,"{'entrezGeneId': 10672, 'hugoGeneSymbol': 'GNA13', 'type': 'protein-coding'}",dlbcl_duke_2017,Duke University,,,63010706,63010706,G,S268F,Missense_Mutation,GRCh37,SNP,GNA13 S268 missense,17,A,NM_006572.4,268,268,GNA13,LoF_likely
RExCQ0xfRFVLRV8yMTQ2OmRsYmNsX2R1a2VfMjAxNw,RExCQ0xfRFVLRV8yMTQ2OmRsYmNsX2R1a2VfMjAxNw,dlbcl_duke_2017_mutations,DLBCL_DUKE_2146,DLBCL_DUKE_2146,387,"{'entrezGeneId': 387, 'hugoGeneSymbol': 'RHOA', 'type': 'protein-coding'}",dlbcl_duke_2017,Duke University,,,49405948,49405948,C,E64K,Missense_Mutation,GRCh37,SNP,RHOA E64 missense,3,T,NM_001664.2,64,64,RHOA,LoF_likely
RExCQ0xfRFVLRV8yMTYxOmRsYmNsX2R1a2VfMjAxNw,RExCQ0xfRFVLRV8yMTYxOmRsYmNsX2R1a2VfMjAxNw,dlbcl_duke_2017_mutations,DLBCL_DUKE_2161,DLBCL_DUKE_2161,10672,"{'entrezGeneId': 10672, 'hugoGeneSymbol': 'GNA13', 'type': 'protein-coding'}",dlbcl_duke_2017,Duke University,,,63010706,63010706,G,S268F,Missense_Mutation,GRCh37,SNP,GNA13 S268 missense,17,A,NM_006572.4,268,268,GNA13,LoF_likely
RExCQ0xfRFVLRV8yMTYzOmRsYmNsX2R1a2VfMjAxNw,RExCQ0xfRFVLRV8yMTYzOmRsYmNsX2R1a2VfMjAxNw,dlbcl_duke_2017_mutations,DLBCL_DUKE_2163,DLBCL_DUKE_2163,10672,"{'entrezGeneId': 10672, 'hugoGeneSymbol': 'GNA13', 'type': 'protein-coding'}",dlbcl_duke_2017,Duke University,,,63052569,63052569,A,L48P,Missense_Mutation,GRCh37,SNP,GNA13 L48 missense,17,G,NM_006572.4,48,48,GNA13,LoF_likely
RExCQ0xfRFVLRV8yMTk5OmRsYmNsX2R1a2VfMjAxNw,RExCQ0xfRFVLRV8yMTk5OmRsYmNsX2R1a2VfMjAxNw,dlbcl_duke_2017_mutations,DLBCL_DUKE_2199,DLBCL_DUKE_2199,10672,"{'entrezGeneId': 10672, 'hugoGeneSymbol': 'GNA13', 'type': 'protein-coding'}",dlbcl_duke_2017,Duke University,,,63014402,63014402,A,F177S,Missense_Mutation,GRCh37,SNP,GNA13 F177 missense,17,G,NM_006572.4,177,177,GNA13,LoF_likely
RExCQ0xfRFVLRV8yMjA4OmRsYmNsX2R1a2VfMjAxNw,RExCQ0xfRFVLRV8yMjA4OmRsYmNsX2R1a2VfMjAxNw,dlbcl_duke_2017_mutations,DLBCL_DUKE_2208,DLBCL_DUKE_2208,9294,"{'entrezGeneId': 9294, 'hugoGeneSymbol': 'S1PR2', 'type': 'protein-coding'}",dlbcl_duke_2017,Duke University,,,10335314,10335314,T,T90P,Missense_Mutation,GRCh37,SNP,S1PR2 T90 missense,19,G,NM_004230.3,90,90,S1PR2,LoF_possible
RExCQ0xfRFVLRV8yMjA5OmRsYmNsX2R1a2VfMjAxNw,RExCQ0xfRFVLRV8yMjA5OmRsYmNsX2R1a2VfMjAxNw,dlbcl_duke_2017_mutations,DLBCL_DUKE_2209,DLBCL_DUKE_2209,387,"{'entrezGeneId': 387, 'hugoGeneSymbol': 'RHOA', 'type': 'protein-coding'}",dlbcl_duke_2017,Duke University,,,49412965,49412965,A,C20R,Missense_Mutation,GRCh37,SNP,RHOA C20 missense,3,G,NM_001664.2,20,20,RHOA,LoF_likely
RExCQ0xfRFVLRV8yMjA5OmRsYmNsX2R1a2VfMjAxNw,RExCQ0xfRFVLRV8yMjA5OmRsYmNsX2R1a2VfMjAxNw,dlbcl_duke_2017_mutations,DLBCL_DUKE_2209,DLBCL_DUKE_2209,9294,"{'entrezGeneId': 9294, 'hugoGeneSymbol': 'S1PR2', 'type': 'protein-coding'}",dlbcl_duke_2017,Duke University,,,10335164,10335164,A,Y140N,Missense_Mutation,GRCh37,SNP,S1PR2 Y140 missense,19,T,NM_004230.3,140,140,S1PR2,LoF_possible
RExCQ0xfRFVLRV8yMjA5OmRsYmNsX2R1a2VfMjAxNw,RExCQ0xfRFVLRV8yMjA5OmRsYmNsX2R1a2VfMjAxNw,dlbcl_duke_2017_mutations,DLBCL_DUKE_2209,DLBCL_DUKE_2209,9294,"{'entrezGeneId': 9294, 'hugoGeneSymbol': 'S1PR2', 'type': 'protein-coding'}",dlbcl_duke_2017,Duke University,,,10335241,10335241,A,I114N,Missense_Mutation,GRCh37,SNP,S1PR2 I114 missense,19,T,NM_004230.3,114,114,S1PR2,LoF_possible
RExCQ0xfRFVLRV8yMjExOmRsYmNsX2R1a2VfMjAxNw,RExCQ0xfRFVLRV8yMjExOmRsYmNsX2R1a2VfMjAxNw,dlbcl_duke_2017_mutations,DLBCL_DUKE_2211,DLBCL_DUKE_2211,10672,"{'entrezGeneId': 10672, 'hugoGeneSymbol': 'GNA13', 'type': 'protein-coding'}",dlbcl_duke_2017,Duke University,,,63052531,63052531,T,K61*,Nonsense_Mutation,GRCh37,SNP,GNA13 truncating,17,A,NM_006572.4,61,61,GNA13,LoF_truncating
RExCQ0xfRFVLRV8yMjI5OmRsYmNsX2R1a2VfMjAxNw,RExCQ0xfRFVLRV8yMjI5OmRsYmNsX2R1a2VfMjAxNw,dlbcl_duke_2017_mutations,DLBCL_DUKE_2229,DLBCL_DUKE_2229,387,"{'entrezGeneId': 387, 'hugoGeneSymbol': 'RHOA', 'type': 'protein-coding'}",dlbcl_duke_2017,Duke University,,,49413009,49413009,C,R5Q,Missense_Mutation,GRCh37,SNP,RHOA R5 missense,3,T,NM_001664.2,5,5,RHOA,LoF_hotspot
RExCQ0xfRFVLRV8yMjU1OmRsYmNsX2R1a2VfMjAxNw,RExCQ0xfRFVLRV8yMjU1OmRsYmNsX2R1a2VfMjAxNw,dlbcl_duke_2017_mutations,DLBCL_DUKE_2255,DLBCL_DUKE_2255,10672,"{'entrezGeneId': 10672, 'hugoGeneSymbol': 'GNA13', 'type': 'protein-coding'}",dlbcl_duke_2017,Duke University,,,63052513,63052513,G,Q67*,Nonsense_Mutation,GRCh37,SNP,GNA13 truncating,17,A,NM_006572.4,67,67,GNA13,LoF_truncating
RExCQ0xfRFVLRV8yMjcxOmRsYmNsX2R1a2VfMjAxNw,RExCQ0xfRFVLRV8yMjcxOmRsYmNsX2R1a2VfMjAxNw,dlbcl_duke_2017_mutations,DLBCL_DUKE_2271,DLBCL_DUKE_2271,9294,"{'entrezGeneId': 9294, 'hugoGeneSymbol': 'S1PR2', 'type': 'protein-coding'}",dlbcl_duke_2017,Duke University,,,10334596,10334596,C,R329H,Missense_Mutation,GRCh37,SNP,S1PR2 R329 missense,19,T,NM_004230.3,329,329,S1PR2,LoF_possible
RExCQ0xfRFVLRV8yMjc4OmRsYmNsX2R1a2VfMjAxNw,RExCQ0xfRFVLRV8yMjc4OmRsYmNsX2R1a2VfMjAxNw,dlbcl_duke_2017_mutations,DLBCL_DUKE_2278,DLBCL_DUKE_2278,10672,"{'entrezGeneId': 10672, 'hugoGeneSymbol': 'GNA13', 'type': 'protein-coding'}",dlbcl_duke_2017,Duke University,,,63052533,63052533,C,G60D,Missense_Mutation,GRCh37,SNP,GNA13 G60 missense,17,T,NM_006572.4,60,60,GNA13,LoF_likely
RExCQ0xfRFVLRV8yMjkwOmRsYmNsX2R1a2VfMjAxNw,RExCQ0xfRFVLRV8yMjkwOmRsYmNsX2R1a2VfMjAxNw,dlbcl_duke_2017_mutations,DLBCL_DUKE_2290,DLBCL_DUKE_2290,10672,"{'entrezGeneId': 10672, 'hugoGeneSymbol': 'GNA13', 'type': 'protein-coding'}",dlbcl_duke_2017,Duke University,,,63052513,63052513,G,Q67*,Nonsense_Mutation,GRCh37,SNP,GNA13 truncating,17,A,NM_006572.4,67,67,GNA13,LoF_truncating
RExCQ0xfRFVLRV8yNDU5OmRsYmNsX2R1a2VfMjAxNw,RExCQ0xfRFVLRV8yNDU5OmRsYmNsX2R1a2VfMjAxNw,dlbcl_duke_2017_mutations,DLBCL_DUKE_2459,DLBCL_DUKE_2459,387,"{'entrezGeneId': 387, 'hugoGeneSymbol': 'RHOA', 'type': 'protein-coding'}",dlbcl_duke_2017,Duke University,,,49405978,49405978,C,E54K,Missense_Mutation,GRCh37,SNP,RHOA E54 missense,3,T,NM_001664.2,54,54,RHOA,LoF_likely
RExCQ0xfRFVLRV8yNDcxOmRsYmNsX2R1a2VfMjAxNw,RExCQ0xfRFVLRV8yNDcxOmRsYmNsX2R1a2VfMjAxNw,dlbcl_duke_2017_mutations,DLBCL_DUKE_2471,DLBCL_DUKE_2471,10672,"{'entrezGeneId': 10672, 'hugoGeneSymbol': 'GNA13', 'type': 'protein-coding'}",dlbcl_duke_2017,Duke University,,,63052620,63052620,G,S31F,Missense_Mutation,GRCh37,SNP,GNA13 S31 missense,17,A,NM_006572.4,31,31,GNA13,LoF_likely
RExCQ0xfRFVLRV8yNDcxOmRsYmNsX2R1a2VfMjAxNw,RExCQ0xfRFVLRV8yNDcxOmRsYmNsX2R1a2VfMjAxNw,dlbcl_duke_2017_mutations,DLBCL_DUKE_2471,DLBCL_DUKE_2471,10672,"{'entrezGeneId': 10672, 'hugoGeneSymbol': 'GNA13', 'type': 'protein-coding'}",dlbcl_duke_2017,Duke University,,,63010878,63010878,A,F211V,Missense_Mutation,GRCh37,SNP,GNA13 F211 missense,17,C,NM_006572.4,211,211,GNA13,LoF_likely
RExCQ0xfRFVLRV8yNDc1OmRsYmNsX2R1a2VfMjAxNw,RExCQ0xfRFVLRV8yNDc1OmRsYmNsX2R1a2VfMjAxNw,dlbcl_duke_2017_mutations,DLBCL_DUKE_2475,DLBCL_DUKE_2475,10672,"{'entrezGeneId': 10672, 'hugoGeneSymbol': 'GNA13', 'type': 'protein-coding'}",dlbcl_duke_2017,Duke University,,,63014390,63014390,A,L181*,Nonsense_Mutation,GRCh37,SNP,GNA13 truncating,17,T,NM_006572.4,181,181,GNA13,LoF_truncating
RExCQ0xfRFVLRV8yNDc1OmRsYmNsX2R1a2VfMjAxNw,RExCQ0xfRFVLRV8yNDc1OmRsYmNsX2R1a2VfMjAxNw,dlbcl_duke_2017_mutations,DLBCL_DUKE_2475,DLBCL_DUKE_2475,10672,"{'entrezGeneId': 10672, 'hugoGeneSymbol': 'GNA13', 'type': 'protein-coding'}",dlbcl_duke_2017,Duke University,,,63010628,63010628,T,D294V,Missense_Mutation,GRCh37,SNP,GNA13 D294 missense,17,A,NM_006572.4,294,294,GNA13,LoF_likely
RExCQ0xfRFVLRV8yNDc1OmRsYmNsX2R1a2VfMjAxNw,RExCQ0xfRFVLRV8yNDc1OmRsYmNsX2R1a2VfMjAxNw,dlbcl_duke_2017_mutations,DLBCL_DUKE_2475,DLBCL_DUKE_2475,10672,"{'entrezGeneId': 10672, 'hugoGeneSymbol': 'GNA13', 'type': 'protein-coding'}",dlbcl_duke_2017,Duke University,,,63010719,63010719,G,R264C,Missense_Mutation,GRCh37,SNP,GNA13 R264 missense,17,A,NM_006572.4,264,264,GNA13,LoF_likely
RExCQ0xfRFVLRV8yNDc1OmRsYmNsX2R1a2VfMjAxNw,RExCQ0xfRFVLRV8yNDc1OmRsYmNsX2R1a2VfMjAxNw,dlbcl_duke_2017_mutations,DLBCL_DUKE_2475,DLBCL_DUKE_2475,10672,"{'entrezGeneId': 10672, 'hugoGeneSymbol': 'GNA13', 'type': 'protein-coding'}",dlbcl_duke_2017,Duke University,,,63010925,63010925,T,D195G,Missense_Mutation,GRCh37,SNP,GNA13 D195 missense,17,C,NM_006572.4,195,195,GNA13,LoF_likely
RExCQ0xfRFVLRV8yNDgzOmRsYmNsX2R1a2VfMjAxNw,RExCQ0xfRFVLRV8yNDgzOmRsYmNsX2R1a2VfMjAxNw,dlbcl_duke_2017_mutations,DLBCL_DUKE_2483,DLBCL_DUKE_2483,387,"{'entrezGeneId': 387, 'hugoGeneSymbol': 'RHOA', 'type': 'protein-coding'}",dlbcl_duke_2017,Duke University,,,49413009,49413009,C,R5Q,Missense_Mutation,GRCh37,SNP,RHOA R5 missense,3,T,NM_001664.2,5,5,RHOA,LoF_hotspot
RExCQ0xfRFVLRV8yNTI4OmRsYmNsX2R1a2VfMjAxNw,RExCQ0xfRFVLRV8yNTI4OmRsYmNsX2R1a2VfMjAxNw,dlbcl_duke_2017_mutations,DLBCL_DUKE_2528,DLBCL_DUKE_2528,10672,"{'entrezGeneId': 10672, 'hugoGeneSymbol': 'GNA13', 'type': 'protein-coding'}",dlbcl_duke_2017,Duke University,,,63010416,63010416,T,T365S,Missense_Mutation,GRCh37,SNP,GNA13 T365 missense,17,A,NM_006572.4,365,365,GNA13,LoF_likely
RExCQ0xfRFVLRV8yNTQzOmRsYmNsX2R1a2VfMjAxNw,RExCQ0xfRFVLRV8yNTQzOmRsYmNsX2R1a2VfMjAxNw,dlbcl_duke_2017_mutations,DLBCL_DUKE_2543,DLBCL_DUKE_2543,10672,"{'entrezGeneId': 10672, 'hugoGeneSymbol': 'GNA13', 'type': 'protein-coding'}",dlbcl_duke_2017,Duke University,,,63010781,63010781,A,I243R,Missense_Mutation,GRCh37,SNP,GNA13 I243 missense,17,C,NM_006572.4,243,243,GNA13,LoF_likely
RExCQ0xfRFVLRV8yNTQ5OmRsYmNsX2R1a2VfMjAxNw,RExCQ0xfRFVLRV8yNTQ5OmRsYmNsX2R1a2VfMjAxNw,dlbcl_duke_2017_mutations,DLBCL_DUKE_2549,DLBCL_DUKE_2549,10672,"{'entrezGeneId': 10672, 'hugoGeneSymbol': 'GNA13', 'type': 'protein-coding'}",dlbcl_duke_2017,Duke University,,,63010629,63010629,C,D294N,Missense_Mutation,GRCh37,SNP,GNA13 D294 missense,17,T,NM_006572.4,294,294,GNA13,LoF_likely
RExCQ0xfRFVLRV8yNTUxOmRsYmNsX2R1a2VfMjAxNw,RExCQ0xfRFVLRV8yNTUxOmRsYmNsX2R1a2VfMjAxNw,dlbcl_duke_2017_mutations,DLBCL_DUKE_2551,DLBCL_DUKE_2551,10672,"{'entrezGeneId': 10672, 'hugoGeneSymbol': 'GNA13', 'type': 'protein-coding'}",dlbcl_duke_2017,Duke University,,,63010710,63010710,C,E267K,Missense_Mutation,GRCh37,SNP,GNA13 E267 missense,17,T,NM_006572.4,267,267,GNA13,LoF_likely
RExCQ0xfRFVLRV8yNTYxOmRsYmNsX2R1a2VfMjAxNw,RExCQ0xfRFVLRV8yNTYxOmRsYmNsX2R1a2VfMjAxNw,dlbcl_duke_2017_mutations,DLBCL_DUKE_2561,DLBCL_DUKE_2561,387,"{'entrezGeneId': 387, 'hugoGeneSymbol': 'RHOA', 'type': 'protein-coding'}",dlbcl_duke_2017,Duke University,,,49397743,49397743,C,A161T,Missense_Mutation,GRCh37,SNP,RHOA A161 missense,3,T,NM_001664.2,161,161,RHOA,LoF_likely
RExCQ0xfRFVLRV8yNTg1OmRsYmNsX2R1a2VfMjAxNw,RExCQ0xfRFVLRV8yNTg1OmRsYmNsX2R1a2VfMjAxNw,dlbcl_duke_2017_mutations,DLBCL_DUKE_2585,DLBCL_DUKE_2585,10672,"{'entrezGeneId': 10672, 'hugoGeneSymbol': 'GNA13', 'type': 'protein-coding'}",dlbcl_duke_2017,Duke University,,,63010578,63010578,C,E311*,Nonsense_Mutation,GRCh37,SNP,GNA13 truncating,17,A,NM_006572.4,311,311,GNA13,LoF_truncating
RExCQ0xfRFVLRV8yNjAzOmRsYmNsX2R1a2VfMjAxNw,RExCQ0xfRFVLRV8yNjAzOmRsYmNsX2R1a2VfMjAxNw,dlbcl_duke_2017_mutations,DLBCL_DUKE_2603,DLBCL_DUKE_2603,387,"{'entrezGeneId': 387, 'hugoGeneSymbol': 'RHOA', 'type': 'protein-coding'}",dlbcl_duke_2017,Duke University,,,49405906,49405906,C,D78N,Missense_Mutation,GRCh37,SNP,RHOA D78 missense,3,T,NM_001664.2,78,78,RHOA,LoF_likely
RExCQ0xfRFVLRV8yNjIwOmRsYmNsX2R1a2VfMjAxNw,RExCQ0xfRFVLRV8yNjIwOmRsYmNsX2R1a2VfMjAxNw,dlbcl_duke_2017_mutations,DLBCL_DUKE_2620,DLBCL_DUKE_2620,10672,"{'entrezGeneId': 10672, 'hugoGeneSymbol': 'GNA13', 'type': 'protein-coding'}",dlbcl_duke_2017,Duke University,,,63052554,63052554,A,L53Q,Missense_Mutation,GRCh37,SNP,GNA13 L53 missense,17,T,NM_006572.4,53,53,GNA13,LoF_likely
RExCQ0xfRFVLRV8yNjI2OmRsYmNsX2R1a2VfMjAxNw,RExCQ0xfRFVLRV8yNjI2OmRsYmNsX2R1a2VfMjAxNw,dlbcl_duke_2017_mutations,DLBCL_DUKE_2626,DLBCL_DUKE_2626,387,"{'entrezGeneId': 387, 'hugoGeneSymbol': 'RHOA', 'type': 'protein-coding'}",dlbcl_duke_2017,Duke University,,,49412898,49412898,T,Y42C,Missense_Mutation,GRCh37,SNP,RHOA Y42 missense,3,C,NM_001664.2,42,42,RHOA,LoF_hotspot
RExCQ0xfRFVLRV8yNjM1OmRsYmNsX2R1a2VfMjAxNw,RExCQ0xfRFVLRV8yNjM1OmRsYmNsX2R1a2VfMjAxNw,dlbcl_duke_2017_mutations,DLBCL_DUKE_2635,DLBCL_DUKE_2635,10672,"{'entrezGeneId': 10672, 'hugoGeneSymbol': 'GNA13', 'type': 'protein-coding'}",dlbcl_duke_2017,Duke University,,,63010731,63010731,G,R260*,Nonsense_Mutation,GRCh37,SNP,GNA13 truncating,17,A,NM_006572.4,260,260,GNA13,LoF_truncating
RExCQ0xfRFVLRV8yNjM2OmRsYmNsX2R1a2VfMjAxNw,RExCQ0xfRFVLRV8yNjM2OmRsYmNsX2R1a2VfMjAxNw,dlbcl_duke_2017_mutations,DLBCL_DUKE_2636,DLBCL_DUKE_2636,10672,"{'entrezGeneId': 10672, 'hugoGeneSymbol': 'GNA13', 'type': 'protein-coding'}",dlbcl_duke_2017,Duke University,,,63052509,63052509,A,M68K,Missense_Mutation,GRCh37,SNP,GNA13 M68 missense,17,T,NM_006572.4,68,68,GNA13,LoF_likely
RExCQ0xfRFVLRV8yNjM2OmRsYmNsX2R1a2VfMjAxNw,RExCQ0xfRFVLRV8yNjM2OmRsYmNsX2R1a2VfMjAxNw,dlbcl_duke_2017_mutations,DLBCL_DUKE_2636,DLBCL_DUKE_2636,10672,"{'entrezGeneId': 10672, 'hugoGeneSymbol': 'GNA13', 'type': 'protein-coding'}",dlbcl_duke_2017,Duke University,,,63052478,63052479,-,E82Afs*21,Frame_Shift_Ins,GRCh37,INS,GNA13 truncating,17,GCGCTGGTCGAAGTCCTGCCCGTGGATGATCCGC,NM_006572.4,78,82,GNA13,LoF_truncating
RExCQ0xfRFVLRV8yNjQ0OmRsYmNsX2R1a2VfMjAxNw,RExCQ0xfRFVLRV8yNjQ0OmRsYmNsX2R1a2VfMjAxNw,dlbcl_duke_2017_mutations,DLBCL_DUKE_2644,DLBCL_DUKE_2644,10672,"{'entrezGeneId': 10672, 'hugoGeneSymbol': 'GNA13', 'type': 'protein-coding'}",dlbcl_duke_2017,Duke University,,,63010386,63010386,T,M375V,Missense_Mutation,GRCh37,SNP,GNA13 M375 missense,17,C,NM_006572.4,375,375,GNA13,LoF_likely
RExCQ0xfRFVLRV8yNjU0OmRsYmNsX2R1a2VfMjAxNw,RExCQ0xfRFVLRV8yNjU0OmRsYmNsX2R1a2VfMjAxNw,dlbcl_duke_2017_mutations,DLBCL_DUKE_2654,DLBCL_DUKE_2654,9294,"{'entrezGeneId': 9294, 'hugoGeneSymbol': 'S1PR2', 'type': 'protein-coding'}",dlbcl_duke_2017,Duke University,,,10334815,10334815,T,D256V,Missense_Mutation,GRCh37,SNP,S1PR2 D256 missense,19,A,NM_004230.3,256,256,S1PR2,LoF_possible
RExCQ0xfRFVLRV8yNjY0OmRsYmNsX2R1a2VfMjAxNw,RExCQ0xfRFVLRV8yNjY0OmRsYmNsX2R1a2VfMjAxNw,dlbcl_duke_2017_mutations,DLBCL_DUKE_2664,DLBCL_DUKE_2664,10672,"{'entrezGeneId': 10672, 'hugoGeneSymbol': 'GNA13', 'type': 'protein-coding'}",dlbcl_duke_2017,Duke University,,,63052633,63052633,G,Q27*,Nonsense_Mutation,GRCh37,SNP,GNA13 truncating,17,A,NM_006572.4,27,27,GNA13,LoF_truncating
RExCQ0xfRFVLRV8yNjY5OmRsYmNsX2R1a2VfMjAxNw,RExCQ0xfRFVLRV8yNjY5OmRsYmNsX2R1a2VfMjAxNw,dlbcl_duke_2017_mutations,DLBCL_DUKE_2669,DLBCL_DUKE_2669,387,"{'entrezGeneId': 387, 'hugoGeneSymbol': 'RHOA', 'type': 'protein-coding'}",dlbcl_duke_2017,Duke University,,,49405966,49405966,A,W58R,Missense_Mutation,GRCh37,SNP,RHOA W58 missense,3,T,NM_001664.2,58,58,RHOA,LoF_likely
RExCQ0xfRFVLRV8yNjc3OmRsYmNsX2R1a2VfMjAxNw,RExCQ0xfRFVLRV8yNjc3OmRsYmNsX2R1a2VfMjAxNw,dlbcl_duke_2017_mutations,DLBCL_DUKE_2677,DLBCL_DUKE_2677,9294,"{'entrezGeneId': 9294, 'hugoGeneSymbol': 'S1PR2', 'type': 'protein-coding'}",dlbcl_duke_2017,Duke University,,,10334968,10334968,A,I205T,Missense_Mutation,GRCh37,SNP,S1PR2 I205 missense,19,G,NM_004230.3,205,205,S1PR2,LoF_possible
RExCQ0xfRFVLRV8yNjc3OmRsYmNsX2R1a2VfMjAxNw,RExCQ0xfRFVLRV8yNjc3OmRsYmNsX2R1a2VfMjAxNw,dlbcl_duke_2017_mutations,DLBCL_DUKE_2677,DLBCL_DUKE_2677,9294,"{'entrezGeneId': 9294, 'hugoGeneSymbol': 'S1PR2', 'type': 'protein-coding'}",dlbcl_duke_2017,Duke University,,,10334989,10334989,A,F198C,Missense_Mutation,GRCh37,SNP,S1PR2 F198 missense,19,C,NM_004230.3,198,198,S1PR2,LoF_possible
RExCQ0xfRFVLRV8yNzA0OmRsYmNsX2R1a2VfMjAxNw,RExCQ0xfRFVLRV8yNzA0OmRsYmNsX2R1a2VfMjAxNw,dlbcl_duke_2017_mutations,DLBCL_DUKE_2704,DLBCL_DUKE_2704,10672,"{'entrezGeneId': 10672, 'hugoGeneSymbol': 'GNA13', 'type': 'protein-coding'}",dlbcl_duke_2017,Duke University,,,63052630,63052630,G,Q28*,Nonsense_Mutation,GRCh37,SNP,GNA13 truncating,17,A,NM_006572.4,28,28,GNA13,LoF_truncating
RExCQ0xfRFVLRV8yNzA0OmRsYmNsX2R1a2VfMjAxNw,RExCQ0xfRFVLRV8yNzA0OmRsYmNsX2R1a2VfMjAxNw,dlbcl_duke_2017_mutations,DLBCL_DUKE_2704,DLBCL_DUKE_2704,10672,"{'entrezGeneId': 10672, 'hugoGeneSymbol': 'GNA13', 'type': 'protein-coding'}",dlbcl_duke_2017,Duke University,,,63010862,63010862,A,V216A,Missense_Mutation,GRCh37,SNP,GNA13 V216 missense,17,G,NM_006572.4,216,216,GNA13,LoF_likely
RExCQ0xfRFVLRV8yNzA0OmRsYmNsX2R1a2VfMjAxNw,RExCQ0xfRFVLRV8yNzA0OmRsYmNsX2R1a2VfMjAxNw,dlbcl_duke_2017_mutations,DLBCL_DUKE_2704,DLBCL_DUKE_2704,10672,"{'entrezGeneId': 10672, 'hugoGeneSymbol': 'GNA13', 'type': 'protein-coding'}",dlbcl_duke_2017,Duke University,,,63010921,63010921,A,I196M,Missense_Mutation,GRCh37,SNP,GNA13 I196 missense,17,C,NM_006572.4,196,196,GNA13,LoF_likely
RExCQ0xfRFVLRV8yNzA0OmRsYmNsX2R1a2VfMjAxNw,RExCQ0xfRFVLRV8yNzA0OmRsYmNsX2R1a2VfMjAxNw,dlbcl_duke_2017_mutations,DLBCL_DUKE_2704,DLBCL_DUKE_2704,10672,"{'entrezGeneId': 10672, 'hugoGeneSymbol': 'GNA13', 'type': 'protein-coding'}",dlbcl_duke_2017,Duke University,,,63010928,63010928,T,Q194P,Missense_Mutation,GRCh37,SNP,GNA13 Q194 missense,17,G,NM_006572.4,194,194,GNA13,LoF_likely
RExCQ0xfRFVLRV8yNzgxOmRsYmNsX2R1a2VfMjAxNw,RExCQ0xfRFVLRV8yNzgxOmRsYmNsX2R1a2VfMjAxNw,dlbcl_duke_2017_mutations,DLBCL_DUKE_2781,DLBCL_DUKE_2781,10672,"{'entrezGeneId': 10672, 'hugoGeneSymbol': 'GNA13', 'type': 'protein-coding'}",dlbcl_duke_2017,Duke University,,,63010755,63010755,A,F252L,Missense_Mutation,GRCh37,SNP,GNA13 F252 missense,17,G,NM_006572.4,252,252,GNA13,LoF_likely
RExCQ0xfRFVLRV8yNzkwOmRsYmNsX2R1a2VfMjAxNw,RExCQ0xfRFVLRV8yNzkwOmRsYmNsX2R1a2VfMjAxNw,dlbcl_duke_2017_mutations,DLBCL_DUKE_2790,DLBCL_DUKE_2790,387,"{'entrezGeneId': 387, 'hugoGeneSymbol': 'RHOA', 'type': 'protein-coding'}",dlbcl_duke_2017,Duke University,,,49413009,49413009,C,R5Q,Missense_Mutation,GRCh37,SNP,RHOA R5 missense,3,T,NM_001664.2,5,5,RHOA,LoF_hotspot
RExCQ0xfRFVLRV8yODA1OmRsYmNsX2R1a2VfMjAxNw,RExCQ0xfRFVLRV8yODA1OmRsYmNsX2R1a2VfMjAxNw,dlbcl_duke_2017_mutations,DLBCL_DUKE_2805,DLBCL_DUKE_2805,10672,"{'entrezGeneId': 10672, 'hugoGeneSymbol': 'GNA13', 'type': 'protein-coding'}",dlbcl_duke_2017,Duke University,,,63052530,63052530,T,K61M,Missense_Mutation,GRCh37,SNP,GNA13 K61 missense,17,A,NM_006572.4,61,61,GNA13,LoF_likely
RExCQ0xfRFVLRV8yODIwOmRsYmNsX2R1a2VfMjAxNw,RExCQ0xfRFVLRV8yODIwOmRsYmNsX2R1a2VfMjAxNw,dlbcl_duke_2017_mutations,DLBCL_DUKE_2820,DLBCL_DUKE_2820,10672,"{'entrezGeneId': 10672, 'hugoGeneSymbol': 'GNA13', 'type': 'protein-coding'}",dlbcl_duke_2017,Duke University,,,63052624,63052624,T,K30*,Nonsense_Mutation,GRCh37,SNP,GNA13 truncating,17,A,NM_006572.4,30,30,GNA13,LoF_truncating
RExCQ0xfRFVLRV8yODI3OmRsYmNsX2R1a2VfMjAxNw,RExCQ0xfRFVLRV8yODI3OmRsYmNsX2R1a2VfMjAxNw,dlbcl_duke_2017_mutations,DLBCL_DUKE_2827,DLBCL_DUKE_2827,10672,"{'entrezGeneId': 10672, 'hugoGeneSymbol': 'GNA13', 'type': 'protein-coding'}",dlbcl_duke_2017,Duke University,,,63052533,63052533,C,G60D,Missense_Mutation,GRCh37,SNP,GNA13 G60 missense,17,T,NM_006572.4,60,60,GNA13,LoF_likely
RExCQ0xfRFVLRV8yODM0OmRsYmNsX2R1a2VfMjAxNw,RExCQ0xfRFVLRV8yODM0OmRsYmNsX2R1a2VfMjAxNw,dlbcl_duke_2017_mutations,DLBCL_DUKE_2834,DLBCL_DUKE_2834,9294,"{'entrezGeneId': 9294, 'hugoGeneSymbol': 'S1PR2', 'type': 'protein-coding'}",dlbcl_duke_2017,Duke University,,,10334778,10334778,G,Y268*,Nonsense_Mutation,GRCh37,SNP,S1PR2 truncating,19,C,NM_004230.3,268,268,S1PR2,LoF_truncating
RExCQ0xfRFVLRV8yODM0OmRsYmNsX2R1a2VfMjAxNw,RExCQ0xfRFVLRV8yODM0OmRsYmNsX2R1a2VfMjAxNw,dlbcl_duke_2017_mutations,DLBCL_DUKE_2834,DLBCL_DUKE_2834,9294,"{'entrezGeneId': 9294, 'hugoGeneSymbol': 'S1PR2', 'type': 'protein-coding'}",dlbcl_duke_2017,Duke University,,,10335451,10335451,C,C44Y,Missense_Mutation,GRCh37,SNP,S1PR2 C44 missense,19,T,NM_004230.3,44,44,S1PR2,LoF_possible
RExCQ0xfRFVLRV8yODM0OmRsYmNsX2R1a2VfMjAxNw,RExCQ0xfRFVLRV8yODM0OmRsYmNsX2R1a2VfMjAxNw,dlbcl_duke_2017_mutations,DLBCL_DUKE_2834,DLBCL_DUKE_2834,10672,"{'entrezGeneId': 10672, 'hugoGeneSymbol': 'GNA13', 'type': 'protein-coding'}",dlbcl_duke_2017,Duke University,,,63010468,63010469,-,A349Hfs*14,Frame_Shift_Ins,GRCh37,INS,GNA13 truncating,17,AGTGGTG,NM_006572.4,347,349,GNA13,LoF_truncating
RExCQ0xfRFVLRV8yODM4OmRsYmNsX2R1a2VfMjAxNw,RExCQ0xfRFVLRV8yODM4OmRsYmNsX2R1a2VfMjAxNw,dlbcl_duke_2017_mutations,DLBCL_DUKE_2838,DLBCL_DUKE_2838,387,"{'entrezGeneId': 387, 'hugoGeneSymbol': 'RHOA', 'type': 'protein-coding'}",dlbcl_duke_2017,Duke University,,,49412911,49412911,C,V38M,Missense_Mutation,GRCh37,SNP,RHOA V38 missense,3,T,NM_001664.2,38,38,RHOA,LoF_likely
RExCQ0xfRFVLRV8yODM5OmRsYmNsX2R1a2VfMjAxNw,RExCQ0xfRFVLRV8yODM5OmRsYmNsX2R1a2VfMjAxNw,dlbcl_duke_2017_mutations,DLBCL_DUKE_2839,DLBCL_DUKE_2839,387,"{'entrezGeneId': 387, 'hugoGeneSymbol': 'RHOA', 'type': 'protein-coding'}",dlbcl_duke_2017,Duke University,,,49413009,49413009,C,R5Q,Missense_Mutation,GRCh37,SNP,RHOA R5 missense,3,T,NM_001664.2,5,5,RHOA,LoF_hotspot
RExCQ0xfRFVLRV8yODgyOmRsYmNsX2R1a2VfMjAxNw,RExCQ0xfRFVLRV8yODgyOmRsYmNsX2R1a2VfMjAxNw,dlbcl_duke_2017_mutations,DLBCL_DUKE_2882,DLBCL_DUKE_2882,9294,"{'entrezGeneId': 9294, 'hugoGeneSymbol': 'S1PR2', 'type': 'protein-coding'}",dlbcl_duke_2017,Duke University,,,10335528,10335528,A,Y18*,Nonsense_Mutation,GRCh37,SNP,S1PR2 truncating,19,T,NM_004230.3,18,18,S1PR2,LoF_truncating
RExCQ0xfRFVLRV8yODk5OmRsYmNsX2R1a2VfMjAxNw,RExCQ0xfRFVLRV8yODk5OmRsYmNsX2R1a2VfMjAxNw,dlbcl_duke_2017_mutations,DLBCL_DUKE_2899,DLBCL_DUKE_2899,10672,"{'entrezGeneId': 10672, 'hugoGeneSymbol': 'GNA13', 'type': 'protein-coding'}",dlbcl_duke_2017,Duke University,,,63010623,63010623,G,L296I,Missense_Mutation,GRCh37,SNP,GNA13 L296 missense,17,T,NM_006572.4,296,296,GNA13,LoF_likely
RExCQ0xfRFVLRV8yOTAwOmRsYmNsX2R1a2VfMjAxNw,RExCQ0xfRFVLRV8yOTAwOmRsYmNsX2R1a2VfMjAxNw,dlbcl_duke_2017_mutations,DLBCL_DUKE_2900,DLBCL_DUKE_2900,10672,"{'entrezGeneId': 10672, 'hugoGeneSymbol': 'GNA13', 'type': 'protein-coding'}",dlbcl_duke_2017,Duke University,,,63010801,63010801,A,C236*,Nonsense_Mutation,GRCh37,SNP,GNA13 truncating,17,T,NM_006572.4,236,236,GNA13,LoF_truncating
RExCQ0xfRFVLRV8yOTAxOmRsYmNsX2R1a2VfMjAxNw,RExCQ0xfRFVLRV8yOTAxOmRsYmNsX2R1a2VfMjAxNw,dlbcl_duke_2017_mutations,DLBCL_DUKE_2901,DLBCL_DUKE_2901,10672,"{'entrezGeneId': 10672, 'hugoGeneSymbol': 'GNA13', 'type': 'protein-coding'}",dlbcl_duke_2017,Duke University,,,63052500,63052500,A,I71S,Missense_Mutation,GRCh37,SNP,GNA13 I71 missense,17,C,NM_006572.4,71,71,GNA13,LoF_likely
RExCQ0xfRFVLRV8yOTAxOmRsYmNsX2R1a2VfMjAxNw,RExCQ0xfRFVLRV8yOTAxOmRsYmNsX2R1a2VfMjAxNw,dlbcl_duke_2017_mutations,DLBCL_DUKE_2901,DLBCL_DUKE_2901,10672,"{'entrezGeneId': 10672, 'hugoGeneSymbol': 'GNA13', 'type': 'protein-coding'}",dlbcl_duke_2017,Duke University,,,63052632,63052632,T,Q27P,Missense_Mutation,GRCh37,SNP,GNA13 Q27 missense,17,G,NM_006572.4,27,27,GNA13,LoF_likely
RExCQ0xfRFVLRV8yOTA0OmRsYmNsX2R1a2VfMjAxNw,RExCQ0xfRFVLRV8yOTA0OmRsYmNsX2R1a2VfMjAxNw,dlbcl_duke_2017_mutations,DLBCL_DUKE_2904,DLBCL_DUKE_2904,10672,"{'entrezGeneId': 10672, 'hugoGeneSymbol': 'GNA13', 'type': 'protein-coding'}",dlbcl_duke_2017,Duke University,,,63010413,63010413,T,I366F,Missense_Mutation,GRCh37,SNP,GNA13 I366 missense,17,A,NM_006572.4,366,366,GNA13,LoF_likely
RExCQ0xfRFVLRV8yOTA0OmRsYmNsX2R1a2VfMjAxNw,RExCQ0xfRFVLRV8yOTA0OmRsYmNsX2R1a2VfMjAxNw,dlbcl_duke_2017_mutations,DLBCL_DUKE_2904,DLBCL_DUKE_2904,10672,"{'entrezGeneId': 10672, 'hugoGeneSymbol': 'GNA13', 'type': 'protein-coding'}",dlbcl_duke_2017,Duke University,,,63010650,63010650,T,I287V,Missense_Mutation,GRCh37,SNP,GNA13 I287 missense,17,C,NM_006572.4,287,287,GNA13,LoF_likely
RExCQ0xfRFVLRV8yOTE3OmRsYmNsX2R1a2VfMjAxNw,RExCQ0xfRFVLRV8yOTE3OmRsYmNsX2R1a2VfMjAxNw,dlbcl_duke_2017_mutations,DLBCL_DUKE_2917,DLBCL_DUKE_2917,10672,"{'entrezGeneId': 10672, 'hugoGeneSymbol': 'GNA13', 'type': 'protein-coding'}",dlbcl_duke_2017,Duke University,,,63010719,63010719,G,R264C,Missense_Mutation,GRCh37,SNP,GNA13 R264 missense,17,A,NM_006572.4,264,264,GNA13,LoF_likely
RExCQ0xfRFVLRV8yOTIzOmRsYmNsX2R1a2VfMjAxNw,RExCQ0xfRFVLRV8yOTIzOmRsYmNsX2R1a2VfMjAxNw,dlbcl_duke_2017_mutations,DLBCL_DUKE_2923,DLBCL_DUKE_2923,10672,"{'entrezGeneId': 10672, 'hugoGeneSymbol': 'GNA13', 'type': 'protein-coding'}",dlbcl_duke_2017,Duke University,,,63052557,63052557,A,L52P,Missense_Mutation,GRCh37,SNP,GNA13 L52 missense,17,G,NM_006572.4,52,52,GNA13,LoF_likely
RExCQ0xfRFVLRV8yOTMzOmRsYmNsX2R1a2VfMjAxNw,RExCQ0xfRFVLRV8yOTMzOmRsYmNsX2R1a2VfMjAxNw,dlbcl_duke_2017_mutations,DLBCL_DUKE_2933,DLBCL_DUKE_2933,9294,"{'entrezGeneId': 9294, 'hugoGeneSymbol': 'S1PR2', 'type': 'protein-coding'}",dlbcl_duke_2017,Duke University,,,10335532,10335532,T,H17P,Missense_Mutation,GRCh37,SNP,S1PR2 H17 missense,19,G,NM_004230.3,17,17,S1PR2,LoF_possible
RExCQ0xfRFVLRV8yOTMzOmRsYmNsX2R1a2VfMjAxNw,RExCQ0xfRFVLRV8yOTMzOmRsYmNsX2R1a2VfMjAxNw,dlbcl_duke_2017_mutations,DLBCL_DUKE_2933,DLBCL_DUKE_2933,9294,"{'entrezGeneId': 9294, 'hugoGeneSymbol': 'S1PR2', 'type': 'protein-coding'}",dlbcl_duke_2017,Duke University,,,10335534,10335534,T,E16D,Missense_Mutation,GRCh37,SNP,S1PR2 E16 missense,19,G,NM_004230.3,16,16,S1PR2,LoF_possible
RExCQ0xfRFVLRV8yOTMzOmRsYmNsX2R1a2VfMjAxNw,RExCQ0xfRFVLRV8yOTMzOmRsYmNsX2R1a2VfMjAxNw,dlbcl_duke_2017_mutations,DLBCL_DUKE_2933,DLBCL_DUKE_2933,9294,"{'entrezGeneId': 9294, 'hugoGeneSymbol': 'S1PR2', 'type': 'protein-coding'}",dlbcl_duke_2017,Duke University,,,10335537,10335538,-,E16Gfs*73,Frame_Shift_Ins,GRCh37,INS,S1PR2 truncating,19,CT,NM_004230.3,15,16,S1PR2,LoF_truncating
RExCQ0xfRFVLRV8yOTUxOmRsYmNsX2R1a2VfMjAxNw,RExCQ0xfRFVLRV8yOTUxOmRsYmNsX2R1a2VfMjAxNw,dlbcl_duke_2017_mutations,DLBCL_DUKE_2951,DLBCL_DUKE_2951,10672,"{'entrezGeneId': 10672, 'hugoGeneSymbol': 'GNA13', 'type': 'protein-coding'}",dlbcl_duke_2017,Duke University,,,63052633,63052633,G,Q27*,Nonsense_Mutation,GRCh37,SNP,GNA13 truncating,17,A,NM_006572.4,27,27,GNA13,LoF_truncating
RExCQ0xfRFVLRV8yOTUyOmRsYmNsX2R1a2VfMjAxNw,RExCQ0xfRFVLRV8yOTUyOmRsYmNsX2R1a2VfMjAxNw,dlbcl_duke_2017_mutations,DLBCL_DUKE_2952,DLBCL_DUKE_2952,387,"{'entrezGeneId': 387, 'hugoGeneSymbol': 'RHOA', 'type': 'protein-coding'}",dlbcl_duke_2017,Duke University,,,49413015,49413015,G,A3V,Missense_Mutation,GRCh37,SNP,RHOA A3 missense,3,A,NM_001664.2,3,3,RHOA,LoF_likely
RExCQ0xfRFVLRV8yOTU1OmRsYmNsX2R1a2VfMjAxNw,RExCQ0xfRFVLRV8yOTU1OmRsYmNsX2R1a2VfMjAxNw,dlbcl_duke_2017_mutations,DLBCL_DUKE_2955,DLBCL_DUKE_2955,10672,"{'entrezGeneId': 10672, 'hugoGeneSymbol': 'GNA13', 'type': 'protein-coding'}",dlbcl_duke_2017,Duke University,,,63010638,63010638,T,N291H,Missense_Mutation,GRCh37,SNP,GNA13 N291 missense,17,G,NM_006572.4,291,291,GNA13,LoF_likely
RExCQ0xfRFVLRV8yOTk2OmRsYmNsX2R1a2VfMjAxNw,RExCQ0xfRFVLRV8yOTk2OmRsYmNsX2R1a2VfMjAxNw,dlbcl_duke_2017_mutations,DLBCL_DUKE_2996,DLBCL_DUKE_2996,10672,"{'entrezGeneId': 10672, 'hugoGeneSymbol': 'GNA13', 'type': 'protein-coding'}",dlbcl_duke_2017,Duke University,,,63010400,63010400,T,N370S,Missense_Mutation,GRCh37,SNP,GNA13 N370 missense,17,C,NM_006572.4,370,370,GNA13,LoF_likely
RExCQ0xfRFVLRV8yOTk2OmRsYmNsX2R1a2VfMjAxNw,RExCQ0xfRFVLRV8yOTk2OmRsYmNsX2R1a2VfMjAxNw,dlbcl_duke_2017_mutations,DLBCL_DUKE_2996,DLBCL_DUKE_2996,10672,"{'entrezGeneId': 10672, 'hugoGeneSymbol': 'GNA13', 'type': 'protein-coding'}",dlbcl_duke_2017,Duke University,,,63010698,63010698,T,I271F,Missense_Mutation,GRCh37,SNP,GNA13 I271 missense,17,A,NM_006572.4,271,271,GNA13,LoF_likely
RExCQ0xfRFVLRV8yOTk4OmRsYmNsX2R1a2VfMjAxNw,RExCQ0xfRFVLRV8yOTk4OmRsYmNsX2R1a2VfMjAxNw,dlbcl_duke_2017_mutations,DLBCL_DUKE_2998,DLBCL_DUKE_2998,387,"{'entrezGeneId': 387, 'hugoGeneSymbol': 'RHOA', 'type': 'protein-coding'}",dlbcl_duke_2017,Duke University,,,49412901,49412901,T,N41S,Missense_Mutation,GRCh37,SNP,RHOA N41 missense,3,C,NM_001664.2,41,41,RHOA,LoF_likely
RExCQ0xfRFVLRV8zMzg2OmRsYmNsX2R1a2VfMjAxNw,RExCQ0xfRFVLRV8zMzg2OmRsYmNsX2R1a2VfMjAxNw,dlbcl_duke_2017_mutations,DLBCL_DUKE_3386,DLBCL_DUKE_3386,10672,"{'entrezGeneId': 10672, 'hugoGeneSymbol': 'GNA13', 'type': 'protein-coding'}",dlbcl_duke_2017,Duke University,,,63010887,63010887,C,E208*,Nonsense_Mutation,GRCh37,SNP,GNA13 truncating,17,A,NM_006572.4,208,208,GNA13,LoF_truncating
RExCQ0xfRFVLRV8zMzkwOmRsYmNsX2R1a2VfMjAxNw,RExCQ0xfRFVLRV8zMzkwOmRsYmNsX2R1a2VfMjAxNw,dlbcl_duke_2017_mutations,DLBCL_DUKE_3390,DLBCL_DUKE_3390,10672,"{'entrezGeneId': 10672, 'hugoGeneSymbol': 'GNA13', 'type': 'protein-coding'}",dlbcl_duke_2017,Duke University,,,63010850,63010850,A,M220R,Missense_Mutation,GRCh37,SNP,GNA13 M220 missense,17,C,NM_006572.4,220,220,GNA13,LoF_likely
RExCQ0xfRFVLRV8zNDIyOmRsYmNsX2R1a2VfMjAxNw,RExCQ0xfRFVLRV8zNDIyOmRsYmNsX2R1a2VfMjAxNw,dlbcl_duke_2017_mutations,DLBCL_DUKE_3422,DLBCL_DUKE_3422,10672,"{'entrezGeneId': 10672, 'hugoGeneSymbol': 'GNA13', 'type': 'protein-coding'}",dlbcl_duke_2017,Duke University,,,63052533,63052533,C,G60D,Missense_Mutation,GRCh37,SNP,GNA13 G60 missense,17,T,NM_006572.4,60,60,GNA13,LoF_likely
RExCQ0xfRFVLRV8zNDQxOmRsYmNsX2R1a2VfMjAxNw,RExCQ0xfRFVLRV8zNDQxOmRsYmNsX2R1a2VfMjAxNw,dlbcl_duke_2017_mutations,DLBCL_DUKE_3441,DLBCL_DUKE_3441,10672,"{'entrezGeneId': 10672, 'hugoGeneSymbol': 'GNA13', 'type': 'protein-coding'}",dlbcl_duke_2017,Duke University,,,63010718,63010719,-,L265Pfs*9,Frame_Shift_Ins,GRCh37,INS,GNA13 truncating,17,C,NM_006572.4,264,265,GNA13,LoF_truncating
RExCQ0xfRFVLRV8zNDUxOmRsYmNsX2R1a2VfMjAxNw,RExCQ0xfRFVLRV8zNDUxOmRsYmNsX2R1a2VfMjAxNw,dlbcl_duke_2017_mutations,DLBCL_DUKE_3451,DLBCL_DUKE_3451,10672,"{'entrezGeneId': 10672, 'hugoGeneSymbol': 'GNA13', 'type': 'protein-coding'}",dlbcl_duke_2017,Duke University,,,63010833,63010833,G,Q226*,Nonsense_Mutation,GRCh37,SNP,GNA13 truncating,17,A,NM_006572.4,226,226,GNA13,LoF_truncating
RExCQ0xfRFVLRV8zNDUzOmRsYmNsX2R1a2VfMjAxNw,RExCQ0xfRFVLRV8zNDUzOmRsYmNsX2R1a2VfMjAxNw,dlbcl_duke_2017_mutations,DLBCL_DUKE_3453,DLBCL_DUKE_3453,10672,"{'entrezGeneId': 10672, 'hugoGeneSymbol': 'GNA13', 'type': 'protein-coding'}",dlbcl_duke_2017,Duke University,,,63010775,63010775,A,F245S,Missense_Mutation,GRCh37,SNP,GNA13 F245 missense,17,G,NM_006572.4,245,245,GNA13,LoF_likely
RExCQ0xfRFVLRV8zNDUzOmRsYmNsX2R1a2VfMjAxNw,RExCQ0xfRFVLRV8zNDUzOmRsYmNsX2R1a2VfMjAxNw,dlbcl_duke_2017_mutations,DLBCL_DUKE_3453,DLBCL_DUKE_3453,10672,"{'entrezGeneId': 10672, 'hugoGeneSymbol': 'GNA13', 'type': 'protein-coding'}",dlbcl_duke_2017,Duke University,,,63010692,63010692,C,E273*,Nonsense_Mutation,GRCh37,SNP,GNA13 truncating,17,A,NM_006572.4,273,273,GNA13,LoF_truncating
RExCQ0xfRFVLRV8zNDc1OmRsYmNsX2R1a2VfMjAxNw,RExCQ0xfRFVLRV8zNDc1OmRsYmNsX2R1a2VfMjAxNw,dlbcl_duke_2017_mutations,DLBCL_DUKE_3475,DLBCL_DUKE_3475,9294,"{'entrezGeneId': 9294, 'hugoGeneSymbol': 'S1PR2', 'type': 'protein-coding'}",dlbcl_duke_2017,Duke University,,,10335064,10335064,A,L173Q,Missense_Mutation,GRCh37,SNP,S1PR2 L173 missense,19,T,NM_004230.3,173,173,S1PR2,LoF_possible
RExCQ0xfRFVLRV8zNTEzOmRsYmNsX2R1a2VfMjAxNw,RExCQ0xfRFVLRV8zNTEzOmRsYmNsX2R1a2VfMjAxNw,dlbcl_duke_2017_mutations,DLBCL_DUKE_3513,DLBCL_DUKE_3513,9294,"{'entrezGeneId': 9294, 'hugoGeneSymbol': 'S1PR2', 'type': 'protein-coding'}",dlbcl_duke_2017,Duke University,,,10335476,10335476,C,A36T,Missense_Mutation,GRCh37,SNP,S1PR2 A36 missense,19,T,NM_004230.3,36,36,S1PR2,LoF_possible
RExCQ0xfRFVLRV8zNTI4OmRsYmNsX2R1a2VfMjAxNw,RExCQ0xfRFVLRV8zNTI4OmRsYmNsX2R1a2VfMjAxNw,dlbcl_duke_2017_mutations,DLBCL_DUKE_3528,DLBCL_DUKE_3528,387,"{'entrezGeneId': 387, 'hugoGeneSymbol': 'RHOA', 'type': 'protein-coding'}",dlbcl_duke_2017,Duke University,,,49405948,49405948,C,E64K,Missense_Mutation,GRCh37,SNP,RHOA E64 missense,3,T,NM_001664.2,64,64,RHOA,LoF_likely
RExCQ0xfRFVLRV8zNTQ4OmRsYmNsX2R1a2VfMjAxNw,RExCQ0xfRFVLRV8zNTQ4OmRsYmNsX2R1a2VfMjAxNw,dlbcl_duke_2017_mutations,DLBCL_DUKE_3548,DLBCL_DUKE_3548,10672,"{'entrezGeneId': 10672, 'hugoGeneSymbol': 'GNA13', 'type': 'protein-coding'}",dlbcl_duke_2017,Duke University,,,63052575,63052575,T,K46R,Missense_Mutation,GRCh37,SNP,GNA13 K46 missense,17,C,NM_006572.4,46,46,GNA13,LoF_likely
RExCQ0xfRFVLRV8zNTQ5OmRsYmNsX2R1a2VfMjAxNw,RExCQ0xfRFVLRV8zNTQ5OmRsYmNsX2R1a2VfMjAxNw,dlbcl_duke_2017_mutations,DLBCL_DUKE_3549,DLBCL_DUKE_3549,387,"{'entrezGeneId': 387, 'hugoGeneSymbol': 'RHOA', 'type': 'protein-coding'}",dlbcl_duke_2017,Duke University,,,49412901,49412901,T,N41S,Missense_Mutation,GRCh37,SNP,RHOA N41 missense,3,C,NM_001664.2,41,41,RHOA,LoF_likely
RExCQ0xfRFVLRV8zNTYwOmRsYmNsX2R1a2VfMjAxNw,RExCQ0xfRFVLRV8zNTYwOmRsYmNsX2R1a2VfMjAxNw,dlbcl_duke_2017_mutations,DLBCL_DUKE_3560,DLBCL_DUKE_3560,10672,"{'entrezGeneId': 10672, 'hugoGeneSymbol': 'GNA13', 'type': 'protein-coding'}",dlbcl_duke_2017,Duke University,,,63010435,63010436,-,R360Ffs*3,Frame_Shift_Ins,GRCh37,INS,GNA13 truncating,17,GAAAA,NM_006572.4,358,360,GNA13,LoF_truncating
RExCQ0xfRFVLRV8zNTYzOmRsYmNsX2R1a2VfMjAxNw,RExCQ0xfRFVLRV8zNTYzOmRsYmNsX2R1a2VfMjAxNw,dlbcl_duke_2017_mutations,DLBCL_DUKE_3563,DLBCL_DUKE_3563,10672,"{'entrezGeneId': 10672, 'hugoGeneSymbol': 'GNA13', 'type': 'protein-coding'}",dlbcl_duke_2017,Duke University,,,63049700,63049700,G,Q144*,Nonsense_Mutation,GRCh37,SNP,GNA13 truncating,17,A,NM_006572.4,144,144,GNA13,LoF_truncating
RExCQ0xfRFVLRV8zNTg2OmRsYmNsX2R1a2VfMjAxNw,RExCQ0xfRFVLRV8zNTg2OmRsYmNsX2R1a2VfMjAxNw,dlbcl_duke_2017_mutations,DLBCL_DUKE_3586,DLBCL_DUKE_3586,10672,"{'entrezGeneId': 10672, 'hugoGeneSymbol': 'GNA13', 'type': 'protein-coding'}",dlbcl_duke_2017,Duke University,,,63010889,63010889,T,H207P,Missense_Mutation,GRCh37,SNP,GNA13 H207 missense,17,G,NM_006572.4,207,207,GNA13,LoF_likely
RExCQ0xfRFVLRV8zNjAwOmRsYmNsX2R1a2VfMjAxNw,RExCQ0xfRFVLRV8zNjAwOmRsYmNsX2R1a2VfMjAxNw,dlbcl_duke_2017_mutations,DLBCL_DUKE_3600,DLBCL_DUKE_3600,9294,"{'entrezGeneId': 9294, 'hugoGeneSymbol': 'S1PR2', 'type': 'protein-coding'}",dlbcl_duke_2017,Duke University,,,10335482,10335482,G,Q34*,Nonsense_Mutation,GRCh37,SNP,S1PR2 truncating,19,A,NM_004230.3,34,34,S1PR2,LoF_truncating
RExCQ0xfRFVLRV8zNjAwOmRsYmNsX2R1a2VfMjAxNw,RExCQ0xfRFVLRV8zNjAwOmRsYmNsX2R1a2VfMjAxNw,dlbcl_duke_2017_mutations,DLBCL_DUKE_3600,DLBCL_DUKE_3600,10672,"{'entrezGeneId': 10672, 'hugoGeneSymbol': 'GNA13', 'type': 'protein-coding'}",dlbcl_duke_2017,Duke University,,,63052558,63052559,-,G55Afs*50,Frame_Shift_Ins,GRCh37,INS,GNA13 truncating,17,CCAGCAGCAG,NM_006572.4,51,55,GNA13,LoF_truncating
RExCQ0xfRFVLRV8zNjA4OmRsYmNsX2R1a2VfMjAxNw,RExCQ0xfRFVLRV8zNjA4OmRsYmNsX2R1a2VfMjAxNw,dlbcl_duke_2017_mutations,DLBCL_DUKE_3608,DLBCL_DUKE_3608,10672,"{'entrezGeneId': 10672, 'hugoGeneSymbol': 'GNA13', 'type': 'protein-coding'}",dlbcl_duke_2017,Duke University,,,63010845,63010845,C,D222N,Missense_Mutation,GRCh37,SNP,GNA13 D222 missense,17,T,NM_006572.4,222,222,GNA13,LoF_likely
RExCQ0xfRFVLRV8zNjA5OmRsYmNsX2R1a2VfMjAxNw,RExCQ0xfRFVLRV8zNjA5OmRsYmNsX2R1a2VfMjAxNw,dlbcl_duke_2017_mutations,DLBCL_DUKE_3609,DLBCL_DUKE_3609,10672,"{'entrezGeneId': 10672, 'hugoGeneSymbol': 'GNA13', 'type': 'protein-coding'}",dlbcl_duke_2017,Duke University,,,63010845,63010845,C,D222N,Missense_Mutation,GRCh37,SNP,GNA13 D222 missense,17,T,NM_006572.4,222,222,GNA13,LoF_likely
RExCQ0xfRFVLRV8zNjA5OmRsYmNsX2R1a2VfMjAxNw,RExCQ0xfRFVLRV8zNjA5OmRsYmNsX2R1a2VfMjAxNw,dlbcl_duke_2017_mutations,DLBCL_DUKE_3609,DLBCL_DUKE_3609,10672,"{'entrezGeneId': 10672, 'hugoGeneSymbol': 'GNA13', 'type': 'protein-coding'}",dlbcl_duke_2017,Duke University,,,63010839,63010839,C,G224S,Missense_Mutation,GRCh37,SNP,GNA13 G224 missense,17,T,NM_006572.4,224,224,GNA13,LoF_likely
RExCQ0xfRFVLRV8zNjE4OmRsYmNsX2R1a2VfMjAxNw,RExCQ0xfRFVLRV8zNjE4OmRsYmNsX2R1a2VfMjAxNw,dlbcl_duke_2017_mutations,DLBCL_DUKE_3618,DLBCL_DUKE_3618,10672,"{'entrezGeneId': 10672, 'hugoGeneSymbol': 'GNA13', 'type': 'protein-coding'}",dlbcl_duke_2017,Duke University,,,63010844,63010844,T,D222V,Missense_Mutation,GRCh37,SNP,GNA13 D222 missense,17,A,NM_006572.4,222,222,GNA13,LoF_likely
RExCQ0xfRFVLRV8zNjUzOmRsYmNsX2R1a2VfMjAxNw,RExCQ0xfRFVLRV8zNjUzOmRsYmNsX2R1a2VfMjAxNw,dlbcl_duke_2017_mutations,DLBCL_DUKE_3653,DLBCL_DUKE_3653,10672,"{'entrezGeneId': 10672, 'hugoGeneSymbol': 'GNA13', 'type': 'protein-coding'}",dlbcl_duke_2017,Duke University,,,63010745,63010745,A,V255E,Missense_Mutation,GRCh37,SNP,GNA13 V255 missense,17,T,NM_006572.4,255,255,GNA13,LoF_likely
RExCQ0xfRFVLRV8zNjU1OmRsYmNsX2R1a2VfMjAxNw,RExCQ0xfRFVLRV8zNjU1OmRsYmNsX2R1a2VfMjAxNw,dlbcl_duke_2017_mutations,DLBCL_DUKE_3655,DLBCL_DUKE_3655,9294,"{'entrezGeneId': 9294, 'hugoGeneSymbol': 'S1PR2', 'type': 'protein-coding'}",dlbcl_duke_2017,Duke University,,,10335559,10335559,T,Y8S,Missense_Mutation,GRCh37,SNP,S1PR2 Y8 missense,19,G,NM_004230.3,8,8,S1PR2,LoF_possible
RExCQ0xfRFVLRV8zNjU5OmRsYmNsX2R1a2VfMjAxNw,RExCQ0xfRFVLRV8zNjU5OmRsYmNsX2R1a2VfMjAxNw,dlbcl_duke_2017_mutations,DLBCL_DUKE_3659,DLBCL_DUKE_3659,10672,"{'entrezGeneId': 10672, 'hugoGeneSymbol': 'GNA13', 'type': 'protein-coding'}",dlbcl_duke_2017,Duke University,,,63052630,63052630,G,Q28*,Nonsense_Mutation,GRCh37,SNP,GNA13 truncating,17,A,NM_006572.4,28,28,GNA13,LoF_truncating
RExCQ0xfRFVLRV8zNjYxOmRsYmNsX2R1a2VfMjAxNw,RExCQ0xfRFVLRV8zNjYxOmRsYmNsX2R1a2VfMjAxNw,dlbcl_duke_2017_mutations,DLBCL_DUKE_3661,DLBCL_DUKE_3661,10672,"{'entrezGeneId': 10672, 'hugoGeneSymbol': 'GNA13', 'type': 'protein-coding'}",dlbcl_duke_2017,Duke University,,,63052524,63052524,G,T63I,Missense_Mutation,GRCh37,SNP,GNA13 T63 missense,17,A,NM_006572.4,63,63,GNA13,LoF_likely
RExCQ0xfRFVLRV8zNjY4OmRsYmNsX2R1a2VfMjAxNw,RExCQ0xfRFVLRV8zNjY4OmRsYmNsX2R1a2VfMjAxNw,dlbcl_duke_2017_mutations,DLBCL_DUKE_3668,DLBCL_DUKE_3668,387,"{'entrezGeneId': 387, 'hugoGeneSymbol': 'RHOA', 'type': 'protein-coding'}",dlbcl_duke_2017,Duke University,,,49413009,49413009,C,R5Q,Missense_Mutation,GRCh37,SNP,RHOA R5 missense,3,T,NM_001664.2,5,5,RHOA,LoF_hotspot
RExCQ0xfRFVLRV8zNjY5OmRsYmNsX2R1a2VfMjAxNw,RExCQ0xfRFVLRV8zNjY5OmRsYmNsX2R1a2VfMjAxNw,dlbcl_duke_2017_mutations,DLBCL_DUKE_3669,DLBCL_DUKE_3669,10672,"{'entrezGeneId': 10672, 'hugoGeneSymbol': 'GNA13', 'type': 'protein-coding'}",dlbcl_duke_2017,Duke University,,,63049634,63049634,G,R166*,Nonsense_Mutation,GRCh37,SNP,GNA13 truncating,17,A,NM_006572.4,166,166,GNA13,LoF_truncating
RExCQ0xfRFVLRV8zNjc0OmRsYmNsX2R1a2VfMjAxNw,RExCQ0xfRFVLRV8zNjc0OmRsYmNsX2R1a2VfMjAxNw,dlbcl_duke_2017_mutations,DLBCL_DUKE_3674,DLBCL_DUKE_3674,10672,"{'entrezGeneId': 10672, 'hugoGeneSymbol': 'GNA13', 'type': 'protein-coding'}",dlbcl_duke_2017,Duke University,,,63010637,63010637,T,N291S,Missense_Mutation,GRCh37,SNP,GNA13 N291 missense,17,C,NM_006572.4,291,291,GNA13,LoF_likely
RExCQ0xfRFVLRV8zNjgzOmRsYmNsX2R1a2VfMjAxNw,RExCQ0xfRFVLRV8zNjgzOmRsYmNsX2R1a2VfMjAxNw,dlbcl_duke_2017_mutations,DLBCL_DUKE_3683,DLBCL_DUKE_3683,10672,"{'entrezGeneId': 10672, 'hugoGeneSymbol': 'GNA13', 'type': 'protein-coding'}",dlbcl_duke_2017,Duke University,,,63052531,63052531,T,K61*,Nonsense_Mutation,GRCh37,SNP,GNA13 truncating,17,A,NM_006572.4,61,61,GNA13,LoF_truncating
RExCQ0xfRFVLRV8zNzEyOmRsYmNsX2R1a2VfMjAxNw,RExCQ0xfRFVLRV8zNzEyOmRsYmNsX2R1a2VfMjAxNw,dlbcl_duke_2017_mutations,DLBCL_DUKE_3712,DLBCL_DUKE_3712,9294,"{'entrezGeneId': 9294, 'hugoGeneSymbol': 'S1PR2', 'type': 'protein-coding'}",dlbcl_duke_2017,Duke University,,,10335431,10335431,T,N51D,Missense_Mutation,GRCh37,SNP,S1PR2 N51 missense,19,C,NM_004230.3,51,51,S1PR2,LoF_possible
RExCQ0xfRFVLRV8zNzEyOmRsYmNsX2R1a2VfMjAxNw,RExCQ0xfRFVLRV8zNzEyOmRsYmNsX2R1a2VfMjAxNw,dlbcl_duke_2017_mutations,DLBCL_DUKE_3712,DLBCL_DUKE_3712,9294,"{'entrezGeneId': 9294, 'hugoGeneSymbol': 'S1PR2', 'type': 'protein-coding'}",dlbcl_duke_2017,Duke University,,,10335478,10335478,A,V35E,Missense_Mutation,GRCh37,SNP,S1PR2 V35 missense,19,T,NM_004230.3,35,35,S1PR2,LoF_possible
RExCQ0xfRFVLRV8zNzEyOmRsYmNsX2R1a2VfMjAxNw,RExCQ0xfRFVLRV8zNzEyOmRsYmNsX2R1a2VfMjAxNw,dlbcl_duke_2017_mutations,DLBCL_DUKE_3712,DLBCL_DUKE_3712,9294,"{'entrezGeneId': 9294, 'hugoGeneSymbol': 'S1PR2', 'type': 'protein-coding'}",dlbcl_duke_2017,Duke University,,,10335559,10335559,T,Y8S,Missense_Mutation,GRCh37,SNP,S1PR2 Y8 missense,19,G,NM_004230.3,8,8,S1PR2,LoF_possible
RExCQ0xfRFVLRV8zNzE3OmRsYmNsX2R1a2VfMjAxNw,RExCQ0xfRFVLRV8zNzE3OmRsYmNsX2R1a2VfMjAxNw,dlbcl_duke_2017_mutations,DLBCL_DUKE_3717,DLBCL_DUKE_3717,10672,"{'entrezGeneId': 10672, 'hugoGeneSymbol': 'GNA13', 'type': 'protein-coding'}",dlbcl_duke_2017,Duke University,,,63010377,63010377,A,*378Rext*8,Nonstop_Mutation,GRCh37,SNP,GNA13 truncating,17,G,NM_006572.4,378,-1,GNA13,Unknown
RExCQ0xfRFVLRV8zNzE4OmRsYmNsX2R1a2VfMjAxNw,RExCQ0xfRFVLRV8zNzE4OmRsYmNsX2R1a2VfMjAxNw,dlbcl_duke_2017_mutations,DLBCL_DUKE_3718,DLBCL_DUKE_3718,10672,"{'entrezGeneId': 10672, 'hugoGeneSymbol': 'GNA13', 'type': 'protein-coding'}",dlbcl_duke_2017,Duke University,,,63052642,63052642,C,E24K,Missense_Mutation,GRCh37,SNP,GNA13 E24 missense,17,T,NM_006572.4,24,24,GNA13,LoF_likely
RExCQ0xfRFVLRV8zNzE4OmRsYmNsX2R1a2VfMjAxNw,RExCQ0xfRFVLRV8zNzE4OmRsYmNsX2R1a2VfMjAxNw,dlbcl_duke_2017_mutations,DLBCL_DUKE_3718,DLBCL_DUKE_3718,10672,"{'entrezGeneId': 10672, 'hugoGeneSymbol': 'GNA13', 'type': 'protein-coding'}",dlbcl_duke_2017,Duke University,,,63010412,63010412,A,I366T,Missense_Mutation,GRCh37,SNP,GNA13 I366 missense,17,G,NM_006572.4,366,366,GNA13,LoF_likely
RExCQ0xfRFVLRV8zNzE4OmRsYmNsX2R1a2VfMjAxNw,RExCQ0xfRFVLRV8zNzE4OmRsYmNsX2R1a2VfMjAxNw,dlbcl_duke_2017_mutations,DLBCL_DUKE_3718,DLBCL_DUKE_3718,10672,"{'entrezGeneId': 10672, 'hugoGeneSymbol': 'GNA13', 'type': 'protein-coding'}",dlbcl_duke_2017,Duke University,,,63052557,63052557,A,L52P,Missense_Mutation,GRCh37,SNP,GNA13 L52 missense,17,G,NM_006572.4,52,52,GNA13,LoF_likely
RExCQ0xfRFVLRV8zNzM3OmRsYmNsX2R1a2VfMjAxNw,RExCQ0xfRFVLRV8zNzM3OmRsYmNsX2R1a2VfMjAxNw,dlbcl_duke_2017_mutations,DLBCL_DUKE_3737,DLBCL_DUKE_3737,10672,"{'entrezGeneId': 10672, 'hugoGeneSymbol': 'GNA13', 'type': 'protein-coding'}",dlbcl_duke_2017,Duke University,,,63052591,63052591,C,E41K,Missense_Mutation,GRCh37,SNP,GNA13 E41 missense,17,T,NM_006572.4,41,41,GNA13,LoF_likely
RExCQ0xfRFVLRV8zNzQyOmRsYmNsX2R1a2VfMjAxNw,RExCQ0xfRFVLRV8zNzQyOmRsYmNsX2R1a2VfMjAxNw,dlbcl_duke_2017_mutations,DLBCL_DUKE_3742,DLBCL_DUKE_3742,387,"{'entrezGeneId': 387, 'hugoGeneSymbol': 'RHOA', 'type': 'protein-coding'}",dlbcl_duke_2017,Duke University,,,49397811,49397811,G,P138L,Missense_Mutation,GRCh37,SNP,RHOA P138 missense,3,A,NM_001664.2,138,138,RHOA,LoF_likely
RExCQ0xfRFVLRV8zNzQzOmRsYmNsX2R1a2VfMjAxNw,RExCQ0xfRFVLRV8zNzQzOmRsYmNsX2R1a2VfMjAxNw,dlbcl_duke_2017_mutations,DLBCL_DUKE_3743,DLBCL_DUKE_3743,387,"{'entrezGeneId': 387, 'hugoGeneSymbol': 'RHOA', 'type': 'protein-coding'}",dlbcl_duke_2017,Duke University,,,49397811,49397811,G,P138L,Missense_Mutation,GRCh37,SNP,RHOA P138 missense,3,A,NM_001664.2,138,138,RHOA,LoF_likely
RExCQ0xfRFVLRV8zNzQ1OmRsYmNsX2R1a2VfMjAxNw,RExCQ0xfRFVLRV8zNzQ1OmRsYmNsX2R1a2VfMjAxNw,dlbcl_duke_2017_mutations,DLBCL_DUKE_3745,DLBCL_DUKE_3745,10672,"{'entrezGeneId': 10672, 'hugoGeneSymbol': 'GNA13', 'type': 'protein-coding'}",dlbcl_duke_2017,Duke University,,,63052630,63052630,G,Q28*,Nonsense_Mutation,GRCh37,SNP,GNA13 truncating,17,A,NM_006572.4,28,28,GNA13,LoF_truncating
RExCQ0xfRFVLRV8zNzQ3OmRsYmNsX2R1a2VfMjAxNw,RExCQ0xfRFVLRV8zNzQ3OmRsYmNsX2R1a2VfMjAxNw,dlbcl_duke_2017_mutations,DLBCL_DUKE_3747,DLBCL_DUKE_3747,387,"{'entrezGeneId': 387, 'hugoGeneSymbol': 'RHOA', 'type': 'protein-coding'}",dlbcl_duke_2017,Duke University,,,49399979,49399979,C,D120N,Missense_Mutation,GRCh37,SNP,RHOA D120 missense,3,T,NM_001664.2,120,120,RHOA,LoF_likely
RExCQ0xfRFVLRV8zNzYwOmRsYmNsX2R1a2VfMjAxNw,RExCQ0xfRFVLRV8zNzYwOmRsYmNsX2R1a2VfMjAxNw,dlbcl_duke_2017_mutations,DLBCL_DUKE_3760,DLBCL_DUKE_3760,9294,"{'entrezGeneId': 9294, 'hugoGeneSymbol': 'S1PR2', 'type': 'protein-coding'}",dlbcl_duke_2017,Duke University,,,10335083,10335083,T,I167V,Missense_Mutation,GRCh37,SNP,S1PR2 I167 missense,19,C,NM_004230.3,167,167,S1PR2,LoF_possible
RExCQ0xfRFVLRV8zNzcwOmRsYmNsX2R1a2VfMjAxNw,RExCQ0xfRFVLRV8zNzcwOmRsYmNsX2R1a2VfMjAxNw,dlbcl_duke_2017_mutations,DLBCL_DUKE_3770,DLBCL_DUKE_3770,9294,"{'entrezGeneId': 9294, 'hugoGeneSymbol': 'S1PR2', 'type': 'protein-coding'}",dlbcl_duke_2017,Duke University,,,10335071,10335071,T,N171D,Missense_Mutation,GRCh37,SNP,S1PR2 N171 missense,19,C,NM_004230.3,171,171,S1PR2,LoF_possible
RExCQ0xfRFVLRV8zNzgzOmRsYmNsX2R1a2VfMjAxNw,RExCQ0xfRFVLRV8zNzgzOmRsYmNsX2R1a2VfMjAxNw,dlbcl_duke_2017_mutations,DLBCL_DUKE_3783,DLBCL_DUKE_3783,10672,"{'entrezGeneId': 10672, 'hugoGeneSymbol': 'GNA13', 'type': 'protein-coding'}",dlbcl_duke_2017,Duke University,,,63010416,63010416,T,T365S,Missense_Mutation,GRCh37,SNP,GNA13 T365 missense,17,A,NM_006572.4,365,365,GNA13,LoF_likely
RExCQ0xfRFVLRV8zNzg0OmRsYmNsX2R1a2VfMjAxNw,RExCQ0xfRFVLRV8zNzg0OmRsYmNsX2R1a2VfMjAxNw,dlbcl_duke_2017_mutations,DLBCL_DUKE_3784,DLBCL_DUKE_3784,387,"{'entrezGeneId': 387, 'hugoGeneSymbol': 'RHOA', 'type': 'protein-coding'}",dlbcl_duke_2017,Duke University,,,49405978,49405978,C,E54K,Missense_Mutation,GRCh37,SNP,RHOA E54 missense,3,T,NM_001664.2,54,54,RHOA,LoF_likely
RExCQ0xfRFVLRV8zODEyOmRsYmNsX2R1a2VfMjAxNw,RExCQ0xfRFVLRV8zODEyOmRsYmNsX2R1a2VfMjAxNw,dlbcl_duke_2017_mutations,DLBCL_DUKE_3812,DLBCL_DUKE_3812,10672,"{'entrezGeneId': 10672, 'hugoGeneSymbol': 'GNA13', 'type': 'protein-coding'}",dlbcl_duke_2017,Duke University,,,63052533,63052533,C,G60D,Missense_Mutation,GRCh37,SNP,GNA13 G60 missense,17,T,NM_006572.4,60,60,GNA13,LoF_likely
RExCQ0xfRFVLRV8zODE2OmRsYmNsX2R1a2VfMjAxNw,RExCQ0xfRFVLRV8zODE2OmRsYmNsX2R1a2VfMjAxNw,dlbcl_duke_2017_mutations,DLBCL_DUKE_3816,DLBCL_DUKE_3816,10672,"{'entrezGeneId': 10672, 'hugoGeneSymbol': 'GNA13', 'type': 'protein-coding'}",dlbcl_duke_2017,Duke University,,,63014390,63014390,A,L181*,Nonsense_Mutation,GRCh37,SNP,GNA13 truncating,17,T,NM_006572.4,181,181,GNA13,LoF_truncating
RExCQ0xfRFVLRV8zODE2OmRsYmNsX2R1a2VfMjAxNw,RExCQ0xfRFVLRV8zODE2OmRsYmNsX2R1a2VfMjAxNw,dlbcl_duke_2017_mutations,DLBCL_DUKE_3816,DLBCL_DUKE_3816,10672,"{'entrezGeneId': 10672, 'hugoGeneSymbol': 'GNA13', 'type': 'protein-coding'}",dlbcl_duke_2017,Duke University,,,63010649,63010649,A,I287N,Missense_Mutation,GRCh37,SNP,GNA13 I287 missense,17,T,NM_006572.4,287,287,GNA13,LoF_likely
RExCQ0xfRFVLRV8zODM0OmRsYmNsX2R1a2VfMjAxNw,RExCQ0xfRFVLRV8zODM0OmRsYmNsX2R1a2VfMjAxNw,dlbcl_duke_2017_mutations,DLBCL_DUKE_3834,DLBCL_DUKE_3834,9294,"{'entrezGeneId': 9294, 'hugoGeneSymbol': 'S1PR2', 'type': 'protein-coding'}",dlbcl_duke_2017,Duke University,,,10335226,10335226,G,S119F,Missense_Mutation,GRCh37,SNP,S1PR2 S119 missense,19,A,NM_004230.3,119,119,S1PR2,LoF_possible
RExCQ0xfRFVLRV8zODM4OmRsYmNsX2R1a2VfMjAxNw,RExCQ0xfRFVLRV8zODM4OmRsYmNsX2R1a2VfMjAxNw,dlbcl_duke_2017_mutations,DLBCL_DUKE_3838,DLBCL_DUKE_3838,10672,"{'entrezGeneId': 10672, 'hugoGeneSymbol': 'GNA13', 'type': 'protein-coding'}",dlbcl_duke_2017,Duke University,,,63010575,63010575,A,F312V,Missense_Mutation,GRCh37,SNP,GNA13 F312 missense,17,C,NM_006572.4,312,312,GNA13,LoF_likely
RExCQ0xfRFVLRV8zODQwOmRsYmNsX2R1a2VfMjAxNw,RExCQ0xfRFVLRV8zODQwOmRsYmNsX2R1a2VfMjAxNw,dlbcl_duke_2017_mutations,DLBCL_DUKE_3840,DLBCL_DUKE_3840,10672,"{'entrezGeneId': 10672, 'hugoGeneSymbol': 'GNA13', 'type': 'protein-coding'}",dlbcl_duke_2017,Duke University,,,63052630,63052630,G,Q28*,Nonsense_Mutation,GRCh37,SNP,GNA13 truncating,17,A,NM_006572.4,28,28,GNA13,LoF_truncating
RExCQ0xfRFVLRV8zODY3OmRsYmNsX2R1a2VfMjAxNw,RExCQ0xfRFVLRV8zODY3OmRsYmNsX2R1a2VfMjAxNw,dlbcl_duke_2017_mutations,DLBCL_DUKE_3867,DLBCL_DUKE_3867,387,"{'entrezGeneId': 387, 'hugoGeneSymbol': 'RHOA', 'type': 'protein-coding'}",dlbcl_duke_2017,Duke University,,,49405932,49405932,A,L69P,Missense_Mutation,GRCh37,SNP,RHOA L69 missense,3,G,NM_001664.2,69,69,RHOA,LoF_likely
RExCQ0xfRFVLRV8zODY3OmRsYmNsX2R1a2VfMjAxNw,RExCQ0xfRFVLRV8zODY3OmRsYmNsX2R1a2VfMjAxNw,dlbcl_duke_2017_mutations,DLBCL_DUKE_3867,DLBCL_DUKE_3867,10672,"{'entrezGeneId': 10672, 'hugoGeneSymbol': 'GNA13', 'type': 'protein-coding'}",dlbcl_duke_2017,Duke University,,,63052588,63052588,T,K42E,Missense_Mutation,GRCh37,SNP,GNA13 K42 missense,17,C,NM_006572.4,42,42,GNA13,LoF_likely
RExCQ0xfRFVLRV8zODcxOmRsYmNsX2R1a2VfMjAxNw,RExCQ0xfRFVLRV8zODcxOmRsYmNsX2R1a2VfMjAxNw,dlbcl_duke_2017_mutations,DLBCL_DUKE_3871,DLBCL_DUKE_3871,10672,"{'entrezGeneId': 10672, 'hugoGeneSymbol': 'GNA13', 'type': 'protein-coding'}",dlbcl_duke_2017,Duke University,,,63052509,63052509,A,M68K,Missense_Mutation,GRCh37,SNP,GNA13 M68 missense,17,T,NM_006572.4,68,68,GNA13,LoF_likely
RExCQ0xfRFVLRV8zODgyOmRsYmNsX2R1a2VfMjAxNw,RExCQ0xfRFVLRV8zODgyOmRsYmNsX2R1a2VfMjAxNw,dlbcl_duke_2017_mutations,DLBCL_DUKE_3882,DLBCL_DUKE_3882,9294,"{'entrezGeneId': 9294, 'hugoGeneSymbol': 'S1PR2', 'type': 'protein-coding'}",dlbcl_duke_2017,Duke University,,,10335346,10335346,T,D79V,Missense_Mutation,GRCh37,SNP,S1PR2 D79 missense,19,A,NM_004230.3,79,79,S1PR2,LoF_possible
RExCQ0xfRFVLRV8zODg5OmRsYmNsX2R1a2VfMjAxNw,RExCQ0xfRFVLRV8zODg5OmRsYmNsX2R1a2VfMjAxNw,dlbcl_duke_2017_mutations,DLBCL_DUKE_3889,DLBCL_DUKE_3889,10672,"{'entrezGeneId': 10672, 'hugoGeneSymbol': 'GNA13', 'type': 'protein-coding'}",dlbcl_duke_2017,Duke University,,,63010661,63010661,T,N283S,Missense_Mutation,GRCh37,SNP,GNA13 N283 missense,17,C,NM_006572.4,283,283,GNA13,LoF_likely
RExCQ0xfRFVLRV8zODk1OmRsYmNsX2R1a2VfMjAxNw,RExCQ0xfRFVLRV8zODk1OmRsYmNsX2R1a2VfMjAxNw,dlbcl_duke_2017_mutations,DLBCL_DUKE_3895,DLBCL_DUKE_3895,10672,"{'entrezGeneId': 10672, 'hugoGeneSymbol': 'GNA13', 'type': 'protein-coding'}",dlbcl_duke_2017,Duke University,,,63052533,63052533,C,G60D,Missense_Mutation,GRCh37,SNP,GNA13 G60 missense,17,T,NM_006572.4,60,60,GNA13,LoF_likely
RExCQ0xfRFVLRV8zOTA0OmRsYmNsX2R1a2VfMjAxNw,RExCQ0xfRFVLRV8zOTA0OmRsYmNsX2R1a2VfMjAxNw,dlbcl_duke_2017_mutations,DLBCL_DUKE_3904,DLBCL_DUKE_3904,10672,"{'entrezGeneId': 10672, 'hugoGeneSymbol': 'GNA13', 'type': 'protein-coding'}",dlbcl_duke_2017,Duke University,,,63052503,63052503,A,I70S,Missense_Mutation,GRCh37,SNP,GNA13 I70 missense,17,C,NM_006572.4,70,70,GNA13,LoF_likely
RExCQ0xfRFVLRV8zOTA0OmRsYmNsX2R1a2VfMjAxNw,RExCQ0xfRFVLRV8zOTA0OmRsYmNsX2R1a2VfMjAxNw,dlbcl_duke_2017_mutations,DLBCL_DUKE_3904,DLBCL_DUKE_3904,10672,"{'entrezGeneId': 10672, 'hugoGeneSymbol': 'GNA13', 'type': 'protein-coding'}",dlbcl_duke_2017,Duke University,,,63052599,63052599,A,L38P,Missense_Mutation,GRCh37,SNP,GNA13 L38 missense,17,G,NM_006572.4,38,38,GNA13,LoF_likely
RExCQ0xfRFVLRV8zOTA5OmRsYmNsX2R1a2VfMjAxNw,RExCQ0xfRFVLRV8zOTA5OmRsYmNsX2R1a2VfMjAxNw,dlbcl_duke_2017_mutations,DLBCL_DUKE_3909,DLBCL_DUKE_3909,387,"{'entrezGeneId': 387, 'hugoGeneSymbol': 'RHOA', 'type': 'protein-coding'}",dlbcl_duke_2017,Duke University,,,49405932,49405932,A,L69P,Missense_Mutation,GRCh37,SNP,RHOA L69 missense,3,G,NM_001664.2,69,69,RHOA,LoF_likely
RExCQ0xfRFVLRV8zOTE0OmRsYmNsX2R1a2VfMjAxNw,RExCQ0xfRFVLRV8zOTE0OmRsYmNsX2R1a2VfMjAxNw,dlbcl_duke_2017_mutations,DLBCL_DUKE_3914,DLBCL_DUKE_3914,387,"{'entrezGeneId': 387, 'hugoGeneSymbol': 'RHOA', 'type': 'protein-coding'}",dlbcl_duke_2017,Duke University,,,49413009,49413009,C,R5Q,Missense_Mutation,GRCh37,SNP,RHOA R5 missense,3,T,NM_001664.2,5,5,RHOA,LoF_hotspot
RExCQ0xfRFVLRV8zOTE2OmRsYmNsX2R1a2VfMjAxNw,RExCQ0xfRFVLRV8zOTE2OmRsYmNsX2R1a2VfMjAxNw,dlbcl_duke_2017_mutations,DLBCL_DUKE_3916,DLBCL_DUKE_3916,387,"{'entrezGeneId': 387, 'hugoGeneSymbol': 'RHOA', 'type': 'protein-coding'}",dlbcl_duke_2017,Duke University,,,49413009,49413009,C,R5Q,Missense_Mutation,GRCh37,SNP,RHOA R5 missense,3,T,NM_001664.2,5,5,RHOA,LoF_hotspot
RExCQ0xfRFVLRV8zOTI3OmRsYmNsX2R1a2VfMjAxNw,RExCQ0xfRFVLRV8zOTI3OmRsYmNsX2R1a2VfMjAxNw,dlbcl_duke_2017_mutations,DLBCL_DUKE_3927,DLBCL_DUKE_3927,10672,"{'entrezGeneId': 10672, 'hugoGeneSymbol': 'GNA13', 'type': 'protein-coding'}",dlbcl_duke_2017,Duke University,,,63052633,63052633,G,Q27*,Nonsense_Mutation,GRCh37,SNP,GNA13 truncating,17,A,NM_006572.4,27,27,GNA13,LoF_truncating
RExCQ0xfRFVLRV8zOTQwOmRsYmNsX2R1a2VfMjAxNw,RExCQ0xfRFVLRV8zOTQwOmRsYmNsX2R1a2VfMjAxNw,dlbcl_duke_2017_mutations,DLBCL_DUKE_3940,DLBCL_DUKE_3940,387,"{'entrezGeneId': 387, 'hugoGeneSymbol': 'RHOA', 'type': 'protein-coding'}",dlbcl_duke_2017,Duke University,,,49413009,49413009,C,R5Q,Missense_Mutation,GRCh37,SNP,RHOA R5 missense,3,T,NM_001664.2,5,5,RHOA,LoF_hotspot
RExCQ0xfRFVLRV8zOTQ1OmRsYmNsX2R1a2VfMjAxNw,RExCQ0xfRFVLRV8zOTQ1OmRsYmNsX2R1a2VfMjAxNw,dlbcl_duke_2017_mutations,DLBCL_DUKE_3945,DLBCL_DUKE_3945,387,"{'entrezGeneId': 387, 'hugoGeneSymbol': 'RHOA', 'type': 'protein-coding'}",dlbcl_duke_2017,Duke University,,,49397650,49397650,C,V192I,Missense_Mutation,GRCh37,SNP,RHOA V192 missense,3,T,NM_001664.2,192,192,RHOA,LoF_likely
RExCQ0xfRFVLRV8zOTUyOmRsYmNsX2R1a2VfMjAxNw,RExCQ0xfRFVLRV8zOTUyOmRsYmNsX2R1a2VfMjAxNw,dlbcl_duke_2017_mutations,DLBCL_DUKE_3952,DLBCL_DUKE_3952,10672,"{'entrezGeneId': 10672, 'hugoGeneSymbol': 'GNA13', 'type': 'protein-coding'}",dlbcl_duke_2017,Duke University,,,63010400,63010400,T,N370S,Missense_Mutation,GRCh37,SNP,GNA13 N370 missense,17,C,NM_006572.4,370,370,GNA13,LoF_likely
RExCQ0xfRFVLRV8zOTYzOmRsYmNsX2R1a2VfMjAxNw,RExCQ0xfRFVLRV8zOTYzOmRsYmNsX2R1a2VfMjAxNw,dlbcl_duke_2017_mutations,DLBCL_DUKE_3963,DLBCL_DUKE_3963,10672,"{'entrezGeneId': 10672, 'hugoGeneSymbol': 'GNA13', 'type': 'protein-coding'}",dlbcl_duke_2017,Duke University,,,63010830,63010830,T,R227G,Missense_Mutation,GRCh37,SNP,GNA13 R227 missense,17,C,NM_006572.4,227,227,GNA13,LoF_likely
RExCQ0xfRFVLRV8zOTc0OmRsYmNsX2R1a2VfMjAxNw,RExCQ0xfRFVLRV8zOTc0OmRsYmNsX2R1a2VfMjAxNw,dlbcl_duke_2017_mutations,DLBCL_DUKE_3974,DLBCL_DUKE_3974,10672,"{'entrezGeneId': 10672, 'hugoGeneSymbol': 'GNA13', 'type': 'protein-coding'}",dlbcl_duke_2017,Duke University,,,63052618,63052618,T,K32*,Nonsense_Mutation,GRCh37,SNP,GNA13 truncating,17,A,NM_006572.4,32,32,GNA13,LoF_truncating
RExCQ0xfRFVLRV8zOTkwOmRsYmNsX2R1a2VfMjAxNw,RExCQ0xfRFVLRV8zOTkwOmRsYmNsX2R1a2VfMjAxNw,dlbcl_duke_2017_mutations,DLBCL_DUKE_3990,DLBCL_DUKE_3990,10672,"{'entrezGeneId': 10672, 'hugoGeneSymbol': 'GNA13', 'type': 'protein-coding'}",dlbcl_duke_2017,Duke University,,,63010925,63010925,T,D195G,Missense_Mutation,GRCh37,SNP,GNA13 D195 missense,17,C,NM_006572.4,195,195,GNA13,LoF_likely
RExCQ0xfRFVLRV8zOTk2OmRsYmNsX2R1a2VfMjAxNw,RExCQ0xfRFVLRV8zOTk2OmRsYmNsX2R1a2VfMjAxNw,dlbcl_duke_2017_mutations,DLBCL_DUKE_3996,DLBCL_DUKE_3996,9294,"{'entrezGeneId': 9294, 'hugoGeneSymbol': 'S1PR2', 'type': 'protein-coding'}",dlbcl_duke_2017,Duke University,,,10335377,10335377,A,Y69N,Missense_Mutation,GRCh37,SNP,S1PR2 Y69 missense,19,T,NM_004230.3,69,69,S1PR2,LoF_possible
RExCQ0xfRFVLRV8zOTk2OmRsYmNsX2R1a2VfMjAxNw,RExCQ0xfRFVLRV8zOTk2OmRsYmNsX2R1a2VfMjAxNw,dlbcl_duke_2017_mutations,DLBCL_DUKE_3996,DLBCL_DUKE_3996,9294,"{'entrezGeneId': 9294, 'hugoGeneSymbol': 'S1PR2', 'type': 'protein-coding'}",dlbcl_duke_2017,Duke University,,,10335379,10335379,A,M68R,Missense_Mutation,GRCh37,SNP,S1PR2 M68 missense,19,C,NM_004230.3,68,68,S1PR2,LoF_possible
RExCQ0xfRFVLRV83MDU6ZGxiY2xfZHVrZV8yMDE3,RExCQ0xfRFVLRV83MDU6ZGxiY2xfZHVrZV8yMDE3,dlbcl_duke_2017_mutations,DLBCL_DUKE_705,DLBCL_DUKE_705,10672,"{'entrezGeneId': 10672, 'hugoGeneSymbol': 'GNA13', 'type': 'protein-coding'}",dlbcl_duke_2017,Duke University,,,63010418,63010418,T,D364V,Missense_Mutation,GRCh37,SNP,GNA13 D364 missense,17,A,NM_006572.4,364,364,GNA13,LoF_likely
RExCQ0xfRFVLRV83MDU6ZGxiY2xfZHVrZV8yMDE3,RExCQ0xfRFVLRV83MDU6ZGxiY2xfZHVrZV8yMDE3,dlbcl_duke_2017_mutations,DLBCL_DUKE_705,DLBCL_DUKE_705,10672,"{'entrezGeneId': 10672, 'hugoGeneSymbol': 'GNA13', 'type': 'protein-coding'}",dlbcl_duke_2017,Duke University,,,63010628,63010628,T,D294V,Missense_Mutation,GRCh37,SNP,GNA13 D294 missense,17,A,NM_006572.4,294,294,GNA13,LoF_likely
