SAMPLE_ID,Hugo_Symbol,Chromosome,Start_Position,End_Position,Reference_Allele,Tumor_Seq_Allele2,Protein_Change,Variant_Classification,Variant_Type
LY_FL_006_T1,S1PR2,19,10334731,10334731,T,C,N284S,Missense_Mutation,SNP
LY_FL_006_T1,S1PR2,19,10335315,10335315,A,T,N89K,Missense_Mutation,SNP
LY_FL_058_T1,GNA13,17,63010628,63010628,T,C,D294G,Missense_Mutation,SNP
LY_FL_065_T1,S1PR2,19,10335423,10335423,CAGA,C,52_53del,In_Frame_Del,SNP
LY_FL_093_T1,RHOA,3,49412922,49412922,T,C,Y34C,Missense_Mutation,SNP
LY_FL_1000_T1,GNA13,17,63052491,63052491,T,TG,Q74fs,Frame_Shift_Ins,INS
LY_FL_1007_T1,GNA13,17,63010544,63010544,A,G,V322A,Missense_Mutation,SNP
LY_FL_1007_T1,GNA13,17,63049655,63049655,G,A,Q159X,Nonsense_Mutation,SNP
LY_FL_1017_T1,GNA13,17,63052580,63052580,A,T,Y44X,Nonsense_Mutation,SNP
LY_FL_1019_T1,P2RY8,X,1585015,1585015,C,G,G146A,Missense_Mutation,SNP
LY_FL_1021_T1,GNA13,17,63010899,63010899,T,C,K204E,Missense_Mutation,SNP
LY_FL_1021_T1,GNA13,17,63052509,63052509,A,C,M68R,Missense_Mutation,SNP
LY_FL_1022_T1,S1PR2,19,10335071,10335071,T,A,N171Y,Missense_Mutation,SNP
LY_FL_1022_T1,S1PR2,19,10334817,10334817,CAGA,C,254_255del,In_Frame_Del,SNP
LY_FL_1035_T1,GNA13,17,63014411,63014411,A,T,V174E,Missense_Mutation,SNP
LY_FL_1035_T1,GNA13,17,63052503,63052503,A,T,I70N,Missense_Mutation,SNP
LY_FL_1038_T1,P2RY8,X,1585268,1585268,T,C,M62V,Missense_Mutation,SNP
LY_FL_1039_T1,GNA13,17,63010709,63010709,T,A,E267V,Missense_Mutation,SNP
LY_FL_1048_T1,GNA13,17,63010427,63010427,T,A,D361V,Missense_Mutation,SNP
LY_FL_105_T1,GNA13,17,63052509,63052509,A,C,M68R,Missense_Mutation,SNP
LY_FL_1058_T1,GNA13,17,63010718,63010718,C,T,R264H,Missense_Mutation,SNP
LY_FL_1059_T1,RHOA,3,49397743,49397743,C,T,A161T,Missense_Mutation,SNP
LY_FL_1073_T1,GNA13,17,63052597,63052597,A,G,S39P,Missense_Mutation,SNP
LY_FL_1079_T1,GNA13,17,63052711,63052711,T,A,M1L,Missense_Mutation,SNP
LY_FL_1079_T1,GNA13,17,63049675,63049675,A,T,L152X,Nonsense_Mutation,SNP
LY_FL_1082_T1,GNA13,17,63014369,63014369,A,T,.,Splice_Site,SNP
LY_FL_1083_T1,GNA13,17,63010839,63010839,C,T,G224S,Missense_Mutation,SNP
LY_FL_1083_T1,P2RY8,X,1585240,1585240,A,T,M71K,Missense_Mutation,SNP
LY_FL_1085_T1,GNA13,17,63010610,63010610,A,G,V300A,Missense_Mutation,SNP
LY_FL_1097_T1,GNA13,17,63010461,63010461,TAGC,T,349_349del,In_Frame_Del,SNP
LY_FL_1100_T1,GNA13,17,63052554,63052554,AG,TT,ENSG00000120063:ENST00000439174:exon1:c.157_158AA,Missense_Mutation,SNP
LY_FL_1100_T1,GNA13,17,63010911,63010911,T,C,R200G,Missense_Mutation,SNP
LY_FL_1104_T1,GNA13,17,63010911,63010911,T,C,R200G,Missense_Mutation,SNP
LY_FL_1125_T1,GNA13,17,63049837,63049837,A,C,V98G,Missense_Mutation,SNP
LY_FL_1146_T1,GNA13,17,63010730,63010730,C,A,R260L,Missense_Mutation,SNP
LY_FL_1151_T1,GNA13,17,63052535,63052535,G,T,S59R,Missense_Mutation,SNP
LY_FL_1151_T1,P2RY8,X,1585084,1585084,A,G,L123P,Missense_Mutation,SNP
LY_FL_1151_T1,S1PR2,19,10335086,10335086,G,A,P166S,Missense_Mutation,SNP
LY_FL_1153_T1,RHOA,3,49412965,49412965,A,G,C20R,Missense_Mutation,SNP
LY_FL_1161_T1,GNA13,17,63010820,63010820,C,T,R230K,Missense_Mutation,SNP
LY_FL_1161_T1,GNA13,17,63052470,63052470,C,G,R81P,Missense_Mutation,SNP
LY_FL_1175_T1,S1PR2,19,10335196,10335196,T,A,E129V,Missense_Mutation,SNP
LY_FL_119_T1,RHOA,3,49413010,49413010,G,A,R5W,Missense_Mutation,SNP
LY_FL_152_T1,GNA13,17,63010899,63010899,T,C,K204E,Missense_Mutation,SNP
LY_FL_152_T1,GNA13,17,63010781,63010781,A,C,I243R,Missense_Mutation,SNP
LY_FL_158_T1,GNA13,17,63052511,63052511,C,G,Q67H,Missense_Mutation,SNP
LY_FL_158_T1,GNA13,17,63052633,63052633,G,A,Q27X,Nonsense_Mutation,SNP
LY_FL_190_T1,GNA13,17,63049825,63049825,G,T,A102D,Missense_Mutation,SNP
LY_FL_208_T1,GNA13,17,63010844,63010844,T,G,D222A,Missense_Mutation,SNP
LY_FL_234_T1,GNA13,17,63014399,63014399,A,C,L178R,Missense_Mutation,SNP
LY_FL_241_T1,RHOA,3,49413010,49413010,G,A,R5W,Missense_Mutation,SNP
LY_FL_247_T1,S1PR2,19,10335253,10335253,C,T,G110D,Missense_Mutation,SNP
LY_FL_247_T1,S1PR2,19,10335377,10335377,A,C,Y69D,Missense_Mutation,SNP
LY_FL_259_T1,S1PR2,19,10335355,10335355,G,T,A76D,Missense_Mutation,SNP
LY_FL_259_T1,S1PR2,19,10335260,10335260,G,A,R108W,Missense_Mutation,SNP
LY_FL_260_T1,GNA13,17,63010480,63010480,G,C,Y343X,Nonsense_Mutation,SNP
LY_FL_260_T1,GNA13,17,63010736,63010736,T,C,E258G,Missense_Mutation,SNP
LY_FL_272_T1,P2RY8,X,1584707,1584707,A,G,C249R,Missense_Mutation,SNP
LY_FL_551_T1,P2RY8,X,1585183,1585183,A,C,V90G,Missense_Mutation,SNP
LY_FL_551_T1,S1PR2,19,10335097,10335097,A,C,L162R,Missense_Mutation,SNP
LY_FL_552_T1,RHOA,3,49400002,49400002,A,G,I112T,Missense_Mutation,SNP
LY_FL_552_T1,RHOA,3,49399999,49399999,A,C,I113S,Missense_Mutation,SNP
LY_FL_560_T1,RHOA,3,49412922,49412922,T,C,Y34C,Missense_Mutation,SNP
LY_FL_578_T1,GNA13,17,63014404,63014404,A,T,Y176X,Nonsense_Mutation,SNP
LY_FL_579_T1,GNA13,17,63049702,63049702,A,C,L143X,Nonsense_Mutation,SNP
LY_FL_584_T1,RHOA,3,49405960,49405960,T,C,T60A,Missense_Mutation,SNP
LY_FL_590_T1,GNA13,17,63010629,63010629,C,T,D294N,Missense_Mutation,SNP
LY_FL_601_T1,S1PR2,19,10335066,10335066,G,C,C172W,Missense_Mutation,SNP
LY_FL_605_T1,S1PR2,19,10334840,10334840,G,A,P248S,Missense_Mutation,SNP
LY_FL_608_T1,RHOA,3,49412985,49412985,T,G,D13A,Missense_Mutation,SNP
LY_FL_633_T1,GNA13,17,63010375,63010375,T,C,X378W,Missense_Mutation,SNP
LY_FL_637_T1,P2RY8,X,1585343,1585343,T,G,S37R,Missense_Mutation,SNP
LY_FL_638_T1,P2RY8,X,1584379,1584379,A,G,V358A,Missense_Mutation,SNP
LY_FL_648_T1,GNA13,17,63052529,63052529,C,A,K61N,Missense_Mutation,SNP
LY_FL_658_T1,GNA13,17,63010613,63010613,T,G,K299T,Missense_Mutation,SNP
LY_FL_658_T1,GNA13,17,63014411,63014411,A,T,V174E,Missense_Mutation,SNP
LY_FL_658_T1,GNA13,17,63052631,63052631,C,A,Q27H,Missense_Mutation,SNP
LY_FL_658_T1,GNA13,17,63010446,63010446,T,G,I355L,Missense_Mutation,SNP
LY_FL_659_T1,S1PR2,19,10334958,10334958,CA,C,L208fs,Frame_Shift_Del,DEL
LY_FL_665_T1,GNA13,17,63010674,63010674,G,A,R279W,Missense_Mutation,SNP
LY_FL_665_T1,GNA13,17,63014369,63014369,A,T,.,Splice_Site,SNP
LY_FL_674_T1,GNA13,17,63052530,63052530,T,G,K61T,Missense_Mutation,SNP
LY_FL_676_T1,GNA13,17,63049797,63049797,TCC,T,G111fs,Frame_Shift_Del,DEL
LY_FL_680_T1,RHOA,3,49412922,49412922,T,G,Y34S,Missense_Mutation,SNP
LY_FL_680_T1,RHOA,3,49413012,49413012,A,G,I4T,Missense_Mutation,SNP
LY_FL_681_T1,GNA13,17,63052533,63052533,C,T,G60D,Missense_Mutation,SNP
LY_FL_686_T1,GNA13,17,63052659,63052659,C,T,C18Y,Missense_Mutation,SNP
LY_FL_686_T1,GNA13,17,63052513,63052513,G,A,Q67X,Nonsense_Mutation,SNP
LY_FL_719_T1,GNA13,17,63010922,63010922,A,T,I196N,Missense_Mutation,SNP
LY_FL_719_T1,GNA13,17,63049837,63049837,A,T,V98E,Missense_Mutation,SNP
LY_FL_742_T1,GNA13,17,63052509,63052509,A,T,M68K,Missense_Mutation,SNP
LY_FL_742_T1,GNA13,17,63010733,63010733,T,A,D259V,Missense_Mutation,SNP
LY_FL_742_T1,GNA13,17,63010715,63010715,A,C,L265R,Missense_Mutation,SNP
LY_FL_745_T1,GNA13,17,63052432,63052432,T,A,K94X,Nonsense_Mutation,SNP
LY_FL_759_T1,S1PR2,19,10335548,10335548,T,TG,N12fs,Frame_Shift_Ins,INS
LY_FL_764_T1,GNA13,17,63014404,63014404,A,T,Y176X,Nonsense_Mutation,SNP
LY_FL_764_T1,GNA13,17,63010810,63010810,C,A,W233C,Missense_Mutation,SNP
LY_FL_764_T1,P2RY8,X,1584830,1584830,T,C,I208V,Missense_Mutation,SNP
LY_FL_764_T1,RHOA,3,49412979,49412979,G,A,A15V,Missense_Mutation,SNP
LY_FL_784_T1,S1PR2,19,10334599,10334599,A,C,L328R,Missense_Mutation,SNP
LY_FL_792_T1,P2RY8,X,1585027,1585027,G,T,A142D,Missense_Mutation,SNP
LY_FL_794_T1,P2RY8,X,1584586,1584586,T,C,D289G,Missense_Mutation,SNP
LY_FL_794_T1,S1PR2,19,10335386,10335386,A,C,S66A,Missense_Mutation,SNP
LY_FL_794_T1,S1PR2,19,10334766,10334766,G,C,Y272X,Nonsense_Mutation,SNP
LY_FL_794_T1,S1PR2,19,10335310,10335310,A,T,L91X,Nonsense_Mutation,SNP
LY_FL_801_T1,GNA13,17,63052524,63052524,G,A,T63I,Missense_Mutation,SNP
LY_FL_802_T1,GNA13,17,63052528,63052528,A,G,S62P,Missense_Mutation,SNP
LY_FL_809_T1,S1PR2,19,10335427,10335427,A,G,L52P,Missense_Mutation,SNP
LY_FL_835_T1,GNA13,17,63010565,63010565,T,C,D315G,Missense_Mutation,SNP
LY_FL_835_T1,GNA13,17,63010864,63010864,A,AT,N215fs,Frame_Shift_Ins,INS
LY_FL_841_T1,GNA13,17,63052530,63052530,T,C,K61R,Missense_Mutation,SNP
LY_FL_842_T1,P2RY8,X,1585387,1585387,A,G,I22T,Missense_Mutation,SNP
LY_FL_842_T1,RHOA,3,49412922,49412922,T,C,Y34C,Missense_Mutation,SNP
LY_FL_846_T1,P2RY8,X,1584903,1584903,C,T,M183I,Missense_Mutation,SNP
LY_FL_846_T1,S1PR2,19,10335559,10335559,T,G,Y8S,Missense_Mutation,SNP
LY_FL_846_T1,S1PR2,19,10335521,10335521,T,G,T21P,Missense_Mutation,SNP
LY_FL_847_T1,GNA13,17,63010709,63010709,T,G,E267A,Missense_Mutation,SNP
LY_FL_851_T1,P2RY8,X,1584386,1584386,C,T,E356K,Missense_Mutation,SNP
LY_FL_852_T1,GNA13,17,63052511,63052511,C,G,Q67H,Missense_Mutation,SNP
LY_FL_852_T1,GNA13,17,63010844,63010844,T,G,D222A,Missense_Mutation,SNP
LY_FL_856_T1,GNA13,17,63014381,63014381,A,C,L184R,Missense_Mutation,SNP
LY_FL_862_T1,GNA13,17,63010910,63010910,C,G,R200T,Missense_Mutation,SNP
LY_FL_870_T1,P2RY8,X,1584586,1584586,T,C,D289G,Missense_Mutation,SNP
LY_FL_924_T1,GNA13,17,63052524,63052524,G,A,T63I,Missense_Mutation,SNP
LY_FL_930_T1,GNA13,17,63052620,63052620,G,A,S31F,Missense_Mutation,SNP
LY_FL_930_T1,P2RY8,X,1585250,1585250,T,C,T68A,Missense_Mutation,SNP
LY_FL_934_T1,GNA13,17,63010942,63010942,A,C,Y189X,Nonsense_Mutation,SNP
LY_FL_948_T1,GNA13,17,63052497,63052497,T,C,H72R,Missense_Mutation,SNP
LY_FL_948_T1,GNA13,17,63052509,63052509,A,T,M68K,Missense_Mutation,SNP
LY_FL_951_T1,GNA13,17,63049825,63049825,G,T,A102D,Missense_Mutation,SNP
LY_FL_951_T1,GNA13,17,63052485,63052485,A,C,F76C,Missense_Mutation,SNP
LY_FL_951_T1,GNA13,17,63052439,63052439,G,C,N91K,Missense_Mutation,SNP
LY_FL_951_T1,GNA13,17,63052631,63052631,C,A,Q27H,Missense_Mutation,SNP
LY_FL_951_T1,P2RY8,X,1584715,1584715,A,C,F246C,Missense_Mutation,SNP
LY_FL_962_T1,S1PR2,19,10335032,10335032,G,A,P184S,Missense_Mutation,SNP
LY_FL_965_T1,GNA13,17,63014411,63014411,A,T,V174E,Missense_Mutation,SNP
LY_FL_965_T1,GNA13,17,63052507,63052507,G,C,R69G,Missense_Mutation,SNP
LY_FL_972_T1,GNA13,17,63052551,63052551,A,G,L54P,Missense_Mutation,SNP
LY_FL_972_T1,GNA13,17,63010796,63010796,T,C,D238G,Missense_Mutation,SNP
LY_FL_972_T1,GNA13,17,63010916,63010916,A,G,L198P,Missense_Mutation,SNP
LY_FL_972_T1,GNA13,17,63052555,63052555,G,T,L53M,Missense_Mutation,SNP
LY_FL_972_T1,GNA13,17,63010889,63010889,T,G,H207P,Missense_Mutation,SNP
LY_FL_984_T1,GNA13,17,63010417,63010417,A,C,D364E,Missense_Mutation,SNP
LY_FL_984_T1,GNA13,17,63014420,63014420,C,T,G171D,Missense_Mutation,SNP
LY_FL_993_T1,P2RY8,X,1585005,1585005,CA,GG,ENSG00000182162:ENST00000381297:exon2:c.446_447CC,Missense_Mutation,SNP
LY_FL_994_T1,S1PR2,19,10334719,10334719,T,C,Y288C,Missense_Mutation,SNP
LY_FL_999_T1,S1PR2,19,10334973,10334973,CAA,C,L203fs,Frame_Shift_Del,DEL
