uniqueSampleKey,uniquePatientKey,molecularProfileId,sampleId,patientId,entrezGeneId,studyId,center,mutationStatus,validationStatus,tumorAltCount,tumorRefCount,normalAltCount,normalRefCount,startPosition,endPosition,referenceAllele,proteinChange,mutationType,ncbiBuild,variantType,keyword,chr,variantAllele,refseqMrnaId,proteinPosStart,proteinPosEnd,gene_symbol,study_id
UC0wMDEyNjkwLVQwMy1JSDM6bWJuX21za18yMDI0,UC0wMDEyNjkwOm1ibl9tc2tfMjAyNA,mbn_msk_2024_mutations,P-0012690-T03-IH3,P-0012690,7852,mbn_msk_2024,MSKCC,SOMATIC,Unknown,241,578,0,806,136872520,136872521,-,K327Qfs*17,Frame_Shift_Ins,GRCh37,INS,CXCR4 truncating,2,A,NM_003467.2,326,327,CXCR4,mbn_msk_2024
UC0wMDEyOTYzLVQwMi1JSDM6bWJuX21za18yMDI0,UC0wMDEyOTYzOm1ibl9tc2tfMjAyNA,mbn_msk_2024_mutations,P-0012963-T02-IH3,P-0012963,387,mbn_msk_2024,MSKCC,SOMATIC,Unknown,441,255,0,1480,49412947,49412947,T,S26G,Missense_Mutation,GRCh37,SNP,RHOA S26 missense,3,C,NM_001664.2,26,26,RHOA,mbn_msk_2024
UC0wMDE3MDc0LVQwMS1JSDM6bWJuX21za18yMDI0,UC0wMDE3MDc0Om1ibl9tc2tfMjAyNA,mbn_msk_2024_mutations,P-0017074-T01-IH3,P-0017074,10672,mbn_msk_2024,MSKCC,SOMATIC,Unknown,383,653,1,1177,63010578,63010578,C,E311*,Nonsense_Mutation,GRCh37,SNP,GNA13 truncating,17,A,NM_006572.4,311,311,GNA13,mbn_msk_2024
UC0wMDE3MDg0LVQwMS1JSDM6bWJuX21za18yMDI0,UC0wMDE3MDg0Om1ibl9tc2tfMjAyNA,mbn_msk_2024_mutations,P-0017084-T01-IH3,P-0017084,10672,mbn_msk_2024,MSKCC,SOMATIC,Unknown,394,985,0,1286,63010401,63010401,T,N370Y,Missense_Mutation,GRCh37,SNP,GNA13 N370 missense,17,A,NM_006572.4,370,370,GNA13,mbn_msk_2024
UC0wMDE3MDg0LVQwMS1JSDM6bWJuX21za18yMDI0,UC0wMDE3MDg0Om1ibl9tc2tfMjAyNA,mbn_msk_2024_mutations,P-0017084-T01-IH3,P-0017084,10672,mbn_msk_2024,MSKCC,SOMATIC,Unknown,436,1097,0,1405,63010413,63010413,T,I366L,Missense_Mutation,GRCh37,SNP,GNA13 I366 missense,17,G,NM_006572.4,366,366,GNA13,mbn_msk_2024
UC0wMDE3MDg0LVQwMS1JSDM6bWJuX21za18yMDI0,UC0wMDE3MDg0Om1ibl9tc2tfMjAyNA,mbn_msk_2024_mutations,P-0017084-T01-IH3,P-0017084,10672,mbn_msk_2024,MSKCC,SOMATIC,Unknown,314,693,1,1251,63049674,63049674,T,L152F,Missense_Mutation,GRCh37,SNP,GNA13 L152 missense,17,A,NM_006572.4,152,152,GNA13,mbn_msk_2024
UC0wMDE3MDg0LVQwMS1JSDM6bWJuX21za18yMDI0,UC0wMDE3MDg0Om1ibl9tc2tfMjAyNA,mbn_msk_2024_mutations,P-0017084-T01-IH3,P-0017084,10672,mbn_msk_2024,MSKCC,SOMATIC,Unknown,170,1430,0,2057,63052563,63052564,-,V49_K50insMKRLV,In_Frame_Ins,GRCh37,INS,,17,TCACCAGCCGCTTCA,NM_006572.4,50,50,GNA13,mbn_msk_2024
UC0wMDE3MTI4LVQwMS1JSDM6bWJuX21za18yMDI0,UC0wMDE3MTI4Om1ibl9tc2tfMjAyNA,mbn_msk_2024_mutations,P-0017128-T01-IH3,P-0017128,10672,mbn_msk_2024,MSKCC,SOMATIC,Unknown,240,1390,2,1429,63052634,63052634,C,E26D,Missense_Mutation,GRCh37,SNP,GNA13 E26 missense,17,A,NM_006572.4,26,26,GNA13,mbn_msk_2024
UC0wMDE3MTI4LVQwMS1JSDM6bWJuX21za18yMDI0,UC0wMDE3MTI4Om1ibl9tc2tfMjAyNA,mbn_msk_2024_mutations,P-0017128-T01-IH3,P-0017128,10672,mbn_msk_2024,MSKCC,SOMATIC,Unknown,218,1334,2,1359,63052644,63052644,C,G23D,Missense_Mutation,GRCh37,SNP,GNA13 G23 missense,17,T,NM_006572.4,23,23,GNA13,mbn_msk_2024
UC0wMDE3MTI4LVQwMS1JSDM6bWJuX21za18yMDI0,UC0wMDE3MTI4Om1ibl9tc2tfMjAyNA,mbn_msk_2024_mutations,P-0017128-T01-IH3,P-0017128,10672,mbn_msk_2024,MSKCC,SOMATIC,Unknown,115,1163,0,1111,63052667,63052678,GAAGCACACGGA,S12_F15del,In_Frame_Del,GRCh37,DEL,,17,-,NM_006572.4,12,15,GNA13,mbn_msk_2024
UC0wMDE3MTI4LVQwMS1JSDM6bWJuX21za18yMDI0,UC0wMDE3MTI4Om1ibl9tc2tfMjAyNA,mbn_msk_2024_mutations,P-0017128-T01-IH3,P-0017128,10672,mbn_msk_2024,MSKCC,SOMATIC,Unknown,650,1179,0,1529,63010864,63010865,-,N215Kfs*8,Frame_Shift_Ins,GRCh37,INS,GNA13 truncating,17,T,NM_006572.4,215,215,GNA13,mbn_msk_2024
UC0wMDE3MTM5LVQwMS1JSDM6bWJuX21za18yMDI0,UC0wMDE3MTM5Om1ibl9tc2tfMjAyNA,mbn_msk_2024_mutations,P-0017139-T01-IH3,P-0017139,387,mbn_msk_2024,MSKCC,SOMATIC,Unknown,179,627,0,1464,49405969,49405969,A,L57V,Missense_Mutation,GRCh37,SNP,RHOA L57 missense,3,C,NM_001664.2,57,57,RHOA,mbn_msk_2024
UC0wMDE3NTcxLVQwMS1JSDM6bWJuX21za18yMDI0,UC0wMDE3NTcxOm1ibl9tc2tfMjAyNA,mbn_msk_2024_mutations,P-0017571-T01-IH3,P-0017571,286530,mbn_msk_2024,MSKCC,SOMATIC,Unknown,80,1477,0,1444,1585219,1585219,A,F78Sfs*22,Frame_Shift_Del,GRCh37,DEL,P2RY8 truncating,23,-,NM_178129.4,78,78,P2RY8,mbn_msk_2024
UC0wMDE4MTYxLVQwMS1JSDM6bWJuX21za18yMDI0,UC0wMDE4MTYxOm1ibl9tc2tfMjAyNA,mbn_msk_2024_mutations,P-0018161-T01-IH3,P-0018161,387,mbn_msk_2024,MSKCC,SOMATIC,Unknown,265,768,0,985,49405960,49405960,T,T60A,Missense_Mutation,GRCh37,SNP,RHOA T60 missense,3,C,NM_001664.2,60,60,RHOA,mbn_msk_2024
UC0wMDE4MTYxLVQwMi1JSDM6bWJuX21za18yMDI0,UC0wMDE4MTYxOm1ibl9tc2tfMjAyNA,mbn_msk_2024_mutations,P-0018161-T02-IH3,P-0018161,387,mbn_msk_2024,MSKCC,SOMATIC,Unknown,318,694,0,843,49405960,49405960,T,T60A,Missense_Mutation,GRCh37,SNP,RHOA T60 missense,3,C,NM_001664.2,60,60,RHOA,mbn_msk_2024
UC0wMDE4MTYzLVQwMS1JSDM6bWJuX21za18yMDI0,UC0wMDE4MTYzOm1ibl9tc2tfMjAyNA,mbn_msk_2024_mutations,P-0018163-T01-IH3,P-0018163,7852,mbn_msk_2024,MSKCC,SOMATIC,Unknown,94,533,2,724,136872498,136872498,G,R334*,Nonsense_Mutation,GRCh37,SNP,CXCR4 truncating,2,A,NM_003467.2,334,334,CXCR4,mbn_msk_2024
UC0wMDE4NDI5LVQwMS1JSDM6bWJuX21za18yMDI0,UC0wMDE4NDI5Om1ibl9tc2tfMjAyNA,mbn_msk_2024_mutations,P-0018429-T01-IH3,P-0018429,7852,mbn_msk_2024,MSKCC,SOMATIC,Unknown,201,806,3,1096,136872498,136872498,G,R334*,Nonsense_Mutation,GRCh37,SNP,CXCR4 truncating,2,A,NM_003467.2,334,334,CXCR4,mbn_msk_2024
UC0wMDE5Mjg3LVQwMS1JSDM6bWJuX21za18yMDI0,UC0wMDE5Mjg3Om1ibl9tc2tfMjAyNA,mbn_msk_2024_mutations,P-0019287-T01-IH3,P-0019287,10672,mbn_msk_2024,MSKCC,SOMATIC,Unknown,284,23,0,516,63049845,63049845,A,M96*,Frame_Shift_Del,GRCh37,DEL,GNA13 truncating,17,-,NM_006572.4,95,96,GNA13,mbn_msk_2024
UC0wMDE5Mjg3LVQwMi1JSDM6bWJuX21za18yMDI0,UC0wMDE5Mjg3Om1ibl9tc2tfMjAyNA,mbn_msk_2024_mutations,P-0019287-T02-IH3,P-0019287,10672,mbn_msk_2024,MSKCC,SOMATIC,Unknown,266,36,0,516,63049845,63049845,A,M96*,Frame_Shift_Del,GRCh37,DEL,GNA13 truncating,17,-,NM_006572.4,95,96,GNA13,mbn_msk_2024
UC0wMDE5ODg4LVQwMS1JSDM6bWJuX21za18yMDI0,UC0wMDE5ODg4Om1ibl9tc2tfMjAyNA,mbn_msk_2024_mutations,P-0019888-T01-IH3,P-0019888,387,mbn_msk_2024,MSKCC,SOMATIC,Unknown,347,550,0,1234,49412898,49412898,T,Y42S,Missense_Mutation,GRCh37,SNP,RHOA Y42 missense,3,G,NM_001664.2,42,42,RHOA,mbn_msk_2024
UC0wMDE5ODg4LVQwMS1JSDM6bWJuX21za18yMDI0,UC0wMDE5ODg4Om1ibl9tc2tfMjAyNA,mbn_msk_2024_mutations,P-0019888-T01-IH3,P-0019888,387,mbn_msk_2024,MSKCC,SOMATIC,Unknown,371,594,0,1292,49412922,49412922,T,Y34S,Missense_Mutation,GRCh37,SNP,RHOA Y34 missense,3,G,NM_001664.2,34,34,RHOA,mbn_msk_2024
UC0wMDE5ODg4LVQwMS1JSDM6bWJuX21za18yMDI0,UC0wMDE5ODg4Om1ibl9tc2tfMjAyNA,mbn_msk_2024_mutations,P-0019888-T01-IH3,P-0019888,10672,mbn_msk_2024,MSKCC,SOMATIC,Unknown,182,845,0,1150,63010799,63010799,A,F237C,Missense_Mutation,GRCh37,SNP,GNA13 F237 missense,17,C,NM_006572.4,237,237,GNA13,mbn_msk_2024
UC0wMDE5ODg4LVQwMS1JSDM6bWJuX21za18yMDI0,UC0wMDE5ODg4Om1ibl9tc2tfMjAyNA,mbn_msk_2024_mutations,P-0019888-T01-IH3,P-0019888,10672,mbn_msk_2024,MSKCC,SOMATIC,Unknown,145,474,0,718,63052429,63052429,C,G95R,Missense_Mutation,GRCh37,SNP,GNA13 G95 missense,17,G,NM_006572.4,95,95,GNA13,mbn_msk_2024
UC0wMDE5ODg4LVQwMS1JSDM6bWJuX21za18yMDI0,UC0wMDE5ODg4Om1ibl9tc2tfMjAyNA,mbn_msk_2024_mutations,P-0019888-T01-IH3,P-0019888,10672,mbn_msk_2024,MSKCC,SOMATIC,Unknown,183,562,0,845,63052443,63052443,C,S90N,Missense_Mutation,GRCh37,SNP,GNA13 S90 missense,17,T,NM_006572.4,90,90,GNA13,mbn_msk_2024
UC0wMDE5ODg4LVQwMS1JSDM6bWJuX21za18yMDI0,UC0wMDE5ODg4Om1ibl9tc2tfMjAyNA,mbn_msk_2024_mutations,P-0019888-T01-IH3,P-0019888,10672,mbn_msk_2024,MSKCC,SOMATIC,Unknown,305,820,0,1349,63052597,63052597,A,S39P,Missense_Mutation,GRCh37,SNP,GNA13 S39 missense,17,G,NM_006572.4,39,39,GNA13,mbn_msk_2024
UC0wMDE5ODg4LVQwMS1JSDM6bWJuX21za18yMDI0,UC0wMDE5ODg4Om1ibl9tc2tfMjAyNA,mbn_msk_2024_mutations,P-0019888-T01-IH3,P-0019888,10672,mbn_msk_2024,MSKCC,SOMATIC,Unknown,185,818,0,1169,63010781,63010781,A,I243R,Missense_Mutation,GRCh37,SNP,GNA13 I243 missense,17,C,NM_006572.4,243,243,GNA13,mbn_msk_2024
UC0wMDE5ODg4LVQwMS1JSDM6bWJuX21za18yMDI0,UC0wMDE5ODg4Om1ibl9tc2tfMjAyNA,mbn_msk_2024_mutations,P-0019888-T01-IH3,P-0019888,10672,mbn_msk_2024,MSKCC,SOMATIC,Unknown,325,868,0,1399,63052557,63052557,A,L52R,Missense_Mutation,GRCh37,SNP,GNA13 L52 missense,17,C,NM_006572.4,52,52,GNA13,mbn_msk_2024
UC0wMDE5ODkzLVQwMy1JSDM6bWJuX21za18yMDI0,UC0wMDE5ODkzOm1ibl9tc2tfMjAyNA,mbn_msk_2024_mutations,P-0019893-T03-IH3,P-0019893,10672,mbn_msk_2024,MSKCC,SOMATIC,Unknown,247,696,0,952,63014369,63014369,A,X187_splice,Splice_Site,GRCh37,SNP,GNA13 truncating,17,C,NM_006572.4,187,187,GNA13,mbn_msk_2024
UC0wMDIyNTEzLVQwMS1JSDM6bWJuX21za18yMDI0,UC0wMDIyNTEzOm1ibl9tc2tfMjAyNA,mbn_msk_2024_mutations,P-0022513-T01-IH3,P-0022513,286530,mbn_msk_2024,MSKCC,SOMATIC,Unknown,451,536,1,1614,1584698,1584698,G,P252S,Missense_Mutation,GRCh37,SNP,P2RY8 P252 missense,23,A,NM_178129.4,252,252,P2RY8,mbn_msk_2024
UC0wMDIzNjkzLVQwMS1JSDM6bWJuX21za18yMDI0,UC0wMDIzNjkzOm1ibl9tc2tfMjAyNA,mbn_msk_2024_mutations,P-0023693-T01-IH3,P-0023693,286530,mbn_msk_2024,MSKCC,SOMATIC,Unknown,150,78,0,979,1584801,1585578,GATGGTGGCCGTGTAACAAGCCACGGTGATCACGAACGGGATGAGGAACAGCAGGATGAAGATGGTGAAGAGGAACACGGCCCACATGGCCACGCTGGGGAGCATCGTCCACTTGAGGACGTCGAAGCAGGTGATGATGCCCAGGGCGTGCACCGGGTAGGTGAGATCGGTGCGCGCCAGCGGGGACAGGGCGGTCAGGAGCAGCAGCCAGGTCCCTGCACACGCGGCCACCGCGTAACGACGGCGGCGCCAGCGCTTGGAGCTGAGCGGGTACAGGACCCCCAGGAAGCGCTCCACGCTGATACAGGTCATGGTGAGGATGCTGGAATACATGTTTGCGTAAAAGGCCACGGTCACCACGTTGCAAAGCAGCACCCCGAATACCCAGTGGTGGCGGTTGCAATGGTAGTAGATTTGGAAAGGCAACACGCTGGCCAGCATCAGGTCCGTGACGCTCAGGTTGATCATGAAGATGACCGACGGGGATCTGGGCCCCATGCGCCGGCACAGCACCCACAGAGAGAAGAGGTTGCCCGGGATGCTGACCGCCGCCACCAGCGAGTACACCACGGGCAGGGCCACCGCGATCGCCGGGTTCCGCAGCATCTGCAGCGTCGCGTTGTCCGGGCCGGTGCTGTTCGGGACCTGCATCCTGGAGGGGTCCTCGCCCGGGCTCTGCAAGGGAAGGAGGGAAGGGTGTACGGGTCAGGGGCGCAGGTAAAGAGGCGGCTGCCGGGAGGGCTCCTGAGCGCCGCTCCCCGGGGACCAAGGCGGGGGA,X8_splice,Splice_Site,GRCh37,DEL,P2RY8 truncating,23,-,NM_178129.4,8,8,P2RY8,mbn_msk_2024
UC0wMDI0MDE3LVQwMS1JSDM6bWJuX21za18yMDI0,UC0wMDI0MDE3Om1ibl9tc2tfMjAyNA,mbn_msk_2024_mutations,P-0024017-T01-IH3,P-0024017,10672,mbn_msk_2024,MSKCC,UNKNOWN,Unknown,231,95,0,725,63014369,63014369,A,X187_splice,Splice_Site,GRCh37,SNP,GNA13 truncating,17,G,NM_006572.4,187,187,GNA13,mbn_msk_2024
UC0wMDI0MDE3LVQwMS1JSDM6bWJuX21za18yMDI0,UC0wMDI0MDE3Om1ibl9tc2tfMjAyNA,mbn_msk_2024_mutations,P-0024017-T01-IH3,P-0024017,10672,mbn_msk_2024,MSKCC,UNKNOWN,Unknown,187,79,0,602,63014423,63014423,T,X171_splice,Splice_Site,GRCh37,SNP,GNA13 truncating,17,C,NM_006572.4,171,171,GNA13,mbn_msk_2024
UC0wMDI0MjEwLVQwMS1JSDM6bWJuX21za18yMDI0,UC0wMDI0MjEwOm1ibl9tc2tfMjAyNA,mbn_msk_2024_mutations,P-0024210-T01-IH3,P-0024210,10672,mbn_msk_2024,MSKCC,SOMATIC,Unknown,146,60,1,1127,63010635,63010635,T,K292*,Nonsense_Mutation,GRCh37,SNP,GNA13 truncating,17,A,NM_006572.4,292,292,GNA13,mbn_msk_2024
UC0wMDI2NDEzLVQwMi1JSDM6bWJuX21za18yMDI0,UC0wMDI2NDEzOm1ibl9tc2tfMjAyNA,mbn_msk_2024_mutations,P-0026413-T02-IH3,P-0026413,10672,mbn_msk_2024,MSKCC,SOMATIC,Unknown,368,637,1,1090,63010544,63010544,A,V322A,Missense_Mutation,GRCh37,SNP,GNA13 V322 missense,17,G,NM_006572.4,322,322,GNA13,mbn_msk_2024
UC0wMDI3NTY3LVQwMS1JSDM6bWJuX21za18yMDI0,UC0wMDI3NTY3Om1ibl9tc2tfMjAyNA,mbn_msk_2024_mutations,P-0027567-T01-IH3,P-0027567,10672,mbn_msk_2024,MSKCC,SOMATIC,Unknown,441,774,0,1158,63010505,63010505,C,R335Q,Missense_Mutation,GRCh37,SNP,GNA13 R335 missense,17,T,NM_006572.4,335,335,GNA13,mbn_msk_2024
UC0wMDI3OTcwLVQwMS1JSDM6bWJuX21za18yMDI0,UC0wMDI3OTcwOm1ibl9tc2tfMjAyNA,mbn_msk_2024_mutations,P-0027970-T01-IH3,P-0027970,286530,mbn_msk_2024,MSKCC,SOMATIC,Unknown,312,427,1,1364,1584817,1584817,C,C212Y,Missense_Mutation,GRCh37,SNP,P2RY8 C212 missense,23,T,NM_178129.4,212,212,P2RY8,mbn_msk_2024
UC0wMDI3OTc1LVQwMS1JSDM6bWJuX21za18yMDI0,UC0wMDI3OTc1Om1ibl9tc2tfMjAyNA,mbn_msk_2024_mutations,P-0027975-T01-IH3,P-0027975,7852,mbn_msk_2024,MSKCC,SOMATIC,Unknown,242,724,0,1118,136875626,136875626,T,E2G,Missense_Mutation,GRCh37,SNP,CXCR4 E2 missense,2,C,NM_003467.2,2,2,CXCR4,mbn_msk_2024
UC0wMDI4MDI4LVQwMS1JSDM6bWJuX21za18yMDI0,UC0wMDI4MDI4Om1ibl9tc2tfMjAyNA,mbn_msk_2024_mutations,P-0028028-T01-IH3,P-0028028,286530,mbn_msk_2024,MSKCC,SOMATIC,Unknown,563,256,0,863,1585040,1585040,G,R138C,Missense_Mutation,GRCh37,SNP,P2RY8 R138 missense,23,A,NM_178129.4,138,138,P2RY8,mbn_msk_2024
UC0wMDI4NTYzLVQwMS1JSDM6bWJuX21za18yMDI0,UC0wMDI4NTYzOm1ibl9tc2tfMjAyNA,mbn_msk_2024_mutations,P-0028563-T01-IH3,P-0028563,10672,mbn_msk_2024,MSKCC,SOMATIC,Unknown,373,480,3,854,63010731,63010731,G,R260*,Nonsense_Mutation,GRCh37,SNP,GNA13 truncating,17,A,NM_006572.4,260,260,GNA13,mbn_msk_2024
UC0wMDI4NTYzLVQwMS1JSDM6bWJuX21za18yMDI0,UC0wMDI4NTYzOm1ibl9tc2tfMjAyNA,mbn_msk_2024_mutations,P-0028563-T01-IH3,P-0028563,10672,mbn_msk_2024,MSKCC,SOMATIC,Unknown,308,505,0,875,63010864,63010865,-,N215Kfs*8,Frame_Shift_Ins,GRCh37,INS,GNA13 truncating,17,T,NM_006572.4,215,215,GNA13,mbn_msk_2024
UC0wMDI4NTY0LVQwMS1JSDM6bWJuX21za18yMDI0,UC0wMDI4NTY0Om1ibl9tc2tfMjAyNA,mbn_msk_2024_mutations,P-0028564-T01-IH3,P-0028564,387,mbn_msk_2024,MSKCC,SOMATIC,Unknown,402,480,0,931,49405947,49405947,T,E64A,Missense_Mutation,GRCh37,SNP,RHOA E64 missense,3,G,NM_001664.2,64,64,RHOA,mbn_msk_2024
UC0wMDI4NTY0LVQwMS1JSDM6bWJuX21za18yMDI0,UC0wMDI4NTY0Om1ibl9tc2tfMjAyNA,mbn_msk_2024_mutations,P-0028564-T01-IH3,P-0028564,286530,mbn_msk_2024,MSKCC,SOMATIC,Unknown,641,866,0,1386,1585210,1585210,T,Y81C,Missense_Mutation,GRCh37,SNP,P2RY8 Y81 missense,23,C,NM_178129.4,81,81,P2RY8,mbn_msk_2024
UC0wMDI4NTY0LVQwMS1JSDM6bWJuX21za18yMDI0,UC0wMDI4NTY0Om1ibl9tc2tfMjAyNA,mbn_msk_2024_mutations,P-0028564-T01-IH3,P-0028564,286530,mbn_msk_2024,MSKCC,SOMATIC,Unknown,436,542,0,901,1585342,1585342,C,S37I,Missense_Mutation,GRCh37,SNP,P2RY8 S37 missense,23,A,NM_178129.4,37,37,P2RY8,mbn_msk_2024
UC0wMDI5MTkxLVQwMS1JSDM6bWJuX21za18yMDI0,UC0wMDI5MTkxOm1ibl9tc2tfMjAyNA,mbn_msk_2024_mutations,P-0029191-T01-IH3,P-0029191,7852,mbn_msk_2024,MSKCC,UNKNOWN,Unknown,152,645,0,1225,136872891,136872891,G,H203Y,Missense_Mutation,GRCh37,SNP,CXCR4 H203 missense,2,A,NM_003467.2,203,203,CXCR4,mbn_msk_2024
UC0wMDMwNDM3LVQwMS1JSDM6bWJuX21za18yMDI0,UC0wMDMwNDM3Om1ibl9tc2tfMjAyNA,mbn_msk_2024_mutations,P-0030437-T01-IH3,P-0030437,286530,mbn_msk_2024,MSKCC,SOMATIC,Unknown,401,462,0,982,1585386,1585386,G,I22Mfs*41,Frame_Shift_Del,GRCh37,DEL,P2RY8 truncating,23,-,NM_178129.4,22,22,P2RY8,mbn_msk_2024
UC0wMDMxOTc4LVQwMS1JSDM6bWJuX21za18yMDI0,UC0wMDMxOTc4Om1ibl9tc2tfMjAyNA,mbn_msk_2024_mutations,P-0031978-T01-IH3,P-0031978,10672,mbn_msk_2024,MSKCC,SOMATIC,Unknown,301,378,0,1020,63010731,63010731,G,R260*,Nonsense_Mutation,GRCh37,SNP,GNA13 truncating,17,A,NM_006572.4,260,260,GNA13,mbn_msk_2024
UC0wMDMxOTc4LVQwMS1JSDM6bWJuX21za18yMDI0,UC0wMDMxOTc4Om1ibl9tc2tfMjAyNA,mbn_msk_2024_mutations,P-0031978-T01-IH3,P-0031978,10672,mbn_msk_2024,MSKCC,SOMATIC,Unknown,269,409,0,1037,63052611,63052611,A,I34T,Missense_Mutation,GRCh37,SNP,GNA13 I34 missense,17,G,NM_006572.4,34,34,GNA13,mbn_msk_2024
UC0wMDMzMjEzLVQwMS1JSDM6bWJuX21za18yMDI0,UC0wMDMzMjEzOm1ibl9tc2tfMjAyNA,mbn_msk_2024_mutations,P-0033213-T01-IH3,P-0033213,387,mbn_msk_2024,MSKCC,SOMATIC,Unknown,265,422,0,737,49412908,49412908,A,F39V,Missense_Mutation,GRCh37,SNP,RHOA F39 missense,3,C,NM_001664.2,39,39,RHOA,mbn_msk_2024
UC0wMDM0MTUxLVQwMS1JSDM6bWJuX21za18yMDI0,UC0wMDM0MTUxOm1ibl9tc2tfMjAyNA,mbn_msk_2024_mutations,P-0034151-T01-IH3,P-0034151,10672,mbn_msk_2024,MSKCC,SOMATIC,Unknown,34,479,0,572,63052429,63052429,C,G95R,Missense_Mutation,GRCh37,SNP,GNA13 G95 missense,17,G,NM_006572.4,95,95,GNA13,mbn_msk_2024
UC0wMDM0MTUxLVQwMS1JSDM6bWJuX21za18yMDI0,UC0wMDM0MTUxOm1ibl9tc2tfMjAyNA,mbn_msk_2024_mutations,P-0034151-T01-IH3,P-0034151,10672,mbn_msk_2024,MSKCC,SOMATIC,Unknown,279,548,0,953,63010475,63010478,TGGT,H344Pfs*18,Frame_Shift_Del,GRCh37,DEL,GNA13 truncating,17,-,NM_006572.4,344,344,GNA13,mbn_msk_2024
UC0wMDM0MTUxLVQwMS1JSDM6bWJuX21za18yMDI0,UC0wMDM0MTUxOm1ibl9tc2tfMjAyNA,mbn_msk_2024_mutations,P-0034151-T01-IH3,P-0034151,10672,mbn_msk_2024,MSKCC,SOMATIC,Unknown,308,408,0,784,63052633,63052633,G,Q27*,Nonsense_Mutation,GRCh37,SNP,GNA13 truncating,17,A,NM_006572.4,27,27,GNA13,mbn_msk_2024
UC0wMDM0NjAxLVQwMy1JSDM6bWJuX21za18yMDI0,UC0wMDM0NjAxOm1ibl9tc2tfMjAyNA,mbn_msk_2024_mutations,P-0034601-T03-IH3,P-0034601,10672,mbn_msk_2024,MSKCC,SOMATIC,Unknown,315,173,0,1954,63010627,63010842,GTCTGTCTTGTTTAAGAACAGAATTATGGAGACATTGCTGAAAACCCGGTTATTGACGATTGTTTCAAAAATGTTCAGAGACTCTGTAAGGCGATTGGTCAGTCGATCTTCCATAAGCACCTGGTCAAATTCACTTGAGGAAACAAGGAAAAGTATTGATGTCACACTGTCGAAACATTCAAACCAACGTTTCCTTTCTGATCTCTGACCACCTAC,V223_D294del,In_Frame_Del,GRCh37,DEL,,17,-,NM_006572.4,223,294,GNA13,mbn_msk_2024
UC0wMDM0ODAzLVQwMS1JSDM6bWJuX21za18yMDI0,UC0wMDM0ODAzOm1ibl9tc2tfMjAyNA,mbn_msk_2024_mutations,P-0034803-T01-IH3,P-0034803,387,mbn_msk_2024,MSKCC,SOMATIC,Unknown,17,416,1,890,49413010,49413010,G,R5W,Missense_Mutation,GRCh37,SNP,RHOA R5 missense,3,A,NM_001664.2,5,5,RHOA,mbn_msk_2024
UC0wMDM0ODAzLVQwMS1JSDM6bWJuX21za18yMDI0,UC0wMDM0ODAzOm1ibl9tc2tfMjAyNA,mbn_msk_2024_mutations,P-0034803-T01-IH3,P-0034803,7852,mbn_msk_2024,MSKCC,SOMATIC,Unknown,126,213,0,740,136872458,136872458,G,S347*,Nonsense_Mutation,GRCh37,SNP,CXCR4 truncating,2,C,NM_003467.2,347,347,CXCR4,mbn_msk_2024
UC0wMDM0ODAzLVQwMS1JSDM6bWJuX21za18yMDI0,UC0wMDM0ODAzOm1ibl9tc2tfMjAyNA,mbn_msk_2024_mutations,P-0034803-T01-IH3,P-0034803,7852,mbn_msk_2024,MSKCC,SOMATIC,Unknown,137,248,0,804,136872470,136872470,T,E343V,Missense_Mutation,GRCh37,SNP,CXCR4 E343 missense,2,A,NM_003467.2,343,343,CXCR4,mbn_msk_2024
UC0wMDM0OTUyLVQwMS1JSDM6bWJuX21za18yMDI0,UC0wMDM0OTUyOm1ibl9tc2tfMjAyNA,mbn_msk_2024_mutations,P-0034952-T01-IH3,P-0034952,10672,mbn_msk_2024,MSKCC,SOMATIC,Unknown,728,386,0,1052,63010781,63010781,A,I243K,Missense_Mutation,GRCh37,SNP,GNA13 I243 missense,17,T,NM_006572.4,243,243,GNA13,mbn_msk_2024
UC0wMDM1Njc5LVQwMS1JSDM6bWJuX21za18yMDI0,UC0wMDM1Njc5Om1ibl9tc2tfMjAyNA,mbn_msk_2024_mutations,P-0035679-T01-IH3,P-0035679,387,mbn_msk_2024,MSKCC,SOMATIC,Unknown,41,993,1,836,49413010,49413010,G,R5W,Missense_Mutation,GRCh37,SNP,RHOA R5 missense,3,A,NM_001664.2,5,5,RHOA,mbn_msk_2024
UC0wMDM1NjgxLVQwMS1JSDM6bWJuX21za18yMDI0,UC0wMDM1NjgxOm1ibl9tc2tfMjAyNA,mbn_msk_2024_mutations,P-0035681-T01-IH3,P-0035681,286530,mbn_msk_2024,MSKCC,SOMATIC,Unknown,456,823,0,1582,1585142,1585142,A,Y104N,Missense_Mutation,GRCh37,SNP,P2RY8 Y104 missense,23,T,NM_178129.4,104,104,P2RY8,mbn_msk_2024
UC0wMDM1Nzk4LVQwMS1JSDM6bWJuX21za18yMDI0,UC0wMDM1Nzk4Om1ibl9tc2tfMjAyNA,mbn_msk_2024_mutations,P-0035798-T01-IH3,P-0035798,10672,mbn_msk_2024,MSKCC,SOMATIC,Unknown,301,505,0,787,63010844,63010844,T,D222G,Missense_Mutation,GRCh37,SNP,GNA13 D222 missense,17,C,NM_006572.4,222,222,GNA13,mbn_msk_2024
UC0wMDM3NTAxLVQwMS1JSDM6bWJuX21za18yMDI0,UC0wMDM3NTAxOm1ibl9tc2tfMjAyNA,mbn_msk_2024_mutations,P-0037501-T01-IH3,P-0037501,286530,mbn_msk_2024,MSKCC,SOMATIC,Unknown,53,387,0,1131,1584802,1584802,A,I217S,Missense_Mutation,GRCh37,SNP,P2RY8 I217 missense,23,C,NM_178129.4,217,217,P2RY8,mbn_msk_2024
UC0wMDM4MDcyLVQwMS1JSDM6bWJuX21za18yMDI0,UC0wMDM4MDcyOm1ibl9tc2tfMjAyNA,mbn_msk_2024_mutations,P-0038072-T01-IH3,P-0038072,387,mbn_msk_2024,MSKCC,SOMATIC,Unknown,181,331,0,799,49412888,49412888,A,D45E,Missense_Mutation,GRCh37,SNP,RHOA D45 missense,3,T,NM_001664.2,45,45,RHOA,mbn_msk_2024
UC0wMDM4NDUyLVQwMS1JSDM6bWJuX21za18yMDI0,UC0wMDM4NDUyOm1ibl9tc2tfMjAyNA,mbn_msk_2024_mutations,P-0038452-T01-IH3,P-0038452,7852,mbn_msk_2024,MSKCC,SOMATIC,Unknown,138,661,0,960,136872512,136872513,-,L329Pfs*15,Frame_Shift_Ins,GRCh37,INS,CXCR4 truncating,2,G,NM_003467.2,329,329,CXCR4,mbn_msk_2024
UC0wMDM4OTI0LVQwMS1JSDM6bWJuX21za18yMDI0,UC0wMDM4OTI0Om1ibl9tc2tfMjAyNA,mbn_msk_2024_mutations,P-0038924-T01-IH3,P-0038924,10672,mbn_msk_2024,MSKCC,SOMATIC,Unknown,367,292,0,808,63010397,63010397,A,L371P,Missense_Mutation,GRCh37,SNP,GNA13 L371 missense,17,G,NM_006572.4,371,371,GNA13,mbn_msk_2024
UC0wMDM5NzYwLVQwMS1JSDM6bWJuX21za18yMDI0,UC0wMDM5NzYwOm1ibl9tc2tfMjAyNA,mbn_msk_2024_mutations,P-0039760-T01-IH3,P-0039760,286530,mbn_msk_2024,MSKCC,SOMATIC,Unknown,532,106,0,1113,1584562,1584562,G,S297F,Missense_Mutation,GRCh37,SNP,P2RY8 S297 missense,23,A,NM_178129.4,297,297,P2RY8,mbn_msk_2024
UC0wMDM5OTA5LVQwMS1JSDM6bWJuX21za18yMDI0,UC0wMDM5OTA5Om1ibl9tc2tfMjAyNA,mbn_msk_2024_mutations,P-0039909-T01-IH3,P-0039909,286530,mbn_msk_2024,MSKCC,SOMATIC,Unknown,182,381,2,1068,1585336,1585336,G,P39L,Missense_Mutation,GRCh37,SNP,P2RY8 P39 missense,23,A,NM_178129.4,39,39,P2RY8,mbn_msk_2024
UC0wMDQwODc4LVQwMS1JSDM6bWJuX21za18yMDI0,UC0wMDQwODc4Om1ibl9tc2tfMjAyNA,mbn_msk_2024_mutations,P-0040878-T01-IH3,P-0040878,10672,mbn_msk_2024,MSKCC,SOMATIC,Unknown,72,614,0,502,63014378,63014379,CC,G185Rfs*23,Frame_Shift_Del,GRCh37,DEL,GNA13 truncating,17,-,NM_006572.4,185,185,GNA13,mbn_msk_2024
UC0wMDQwODc5LVQwMS1JSDM6bWJuX21za18yMDI0,UC0wMDQwODc5Om1ibl9tc2tfMjAyNA,mbn_msk_2024_mutations,P-0040879-T01-IH3,P-0040879,286530,mbn_msk_2024,MSKCC,SOMATIC,Unknown,52,479,0,569,1585450,1585450,A,M1?,Translation_Start_Site,GRCh37,SNP,P2RY8 truncating,23,G,NM_178129.4,1,1,P2RY8,mbn_msk_2024
UC0wMDQyNjkwLVQwMS1JSDM6bWJuX21za18yMDI0,UC0wMDQyNjkwOm1ibl9tc2tfMjAyNA,mbn_msk_2024_mutations,P-0042690-T01-IH3,P-0042690,10672,mbn_msk_2024,MSKCC,SOMATIC,Unknown,188,1111,0,1248,63010578,63010578,C,E311*,Nonsense_Mutation,GRCh37,SNP,GNA13 truncating,17,A,NM_006572.4,311,311,GNA13,mbn_msk_2024
UC0wMDQzMDU4LVQwMS1JSDM6bWJuX21za18yMDI0,UC0wMDQzMDU4Om1ibl9tc2tfMjAyNA,mbn_msk_2024_mutations,P-0043058-T01-IH3,P-0043058,286530,mbn_msk_2024,MSKCC,SOMATIC,Unknown,232,192,0,991,1585066,1585066,A,L129P,Missense_Mutation,GRCh37,SNP,P2RY8 L129 missense,23,G,NM_178129.4,129,129,P2RY8,mbn_msk_2024
UC0wMDQzODgwLVQwMS1JSDM6bWJuX21za18yMDI0,UC0wMDQzODgwOm1ibl9tc2tfMjAyNA,mbn_msk_2024_mutations,P-0043880-T01-IH3,P-0043880,387,mbn_msk_2024,MSKCC,SOMATIC,Unknown,235,262,0,1126,49412898,49412898,T,Y42C,Missense_Mutation,GRCh37,SNP,RHOA Y42 missense,3,C,NM_001664.2,42,42,RHOA,mbn_msk_2024
UC0wMDQ0Mjc0LVQwMS1JSDM6bWJuX21za18yMDI0,UC0wMDQ0Mjc0Om1ibl9tc2tfMjAyNA,mbn_msk_2024_mutations,P-0044274-T01-IH3,P-0044274,10672,mbn_msk_2024,MSKCC,SOMATIC,Unknown,21,397,0,1724,63052566,63052566,A,V49E,Missense_Mutation,GRCh37,SNP,GNA13 V49 missense,17,T,NM_006572.4,49,49,GNA13,mbn_msk_2024
UC0wMDQ0Mjc0LVQwMS1JSDM6bWJuX21za18yMDI0,UC0wMDQ0Mjc0Om1ibl9tc2tfMjAyNA,mbn_msk_2024_mutations,P-0044274-T01-IH3,P-0044274,10672,mbn_msk_2024,MSKCC,SOMATIC,Unknown,169,223,0,1554,63052606,63052606,T,K36*,Nonsense_Mutation,GRCh37,SNP,GNA13 truncating,17,A,NM_006572.4,36,36,GNA13,mbn_msk_2024
UC0wMDQ0Mjc5LVQwMS1JSDM6bWJuX21za18yMDI0,UC0wMDQ0Mjc5Om1ibl9tc2tfMjAyNA,mbn_msk_2024_mutations,P-0044279-T01-IH3,P-0044279,10672,mbn_msk_2024,MSKCC,SOMATIC,Unknown,550,726,0,1584,63049705,63049705,A,F142S,Missense_Mutation,GRCh37,SNP,GNA13 F142 missense,17,G,NM_006572.4,142,142,GNA13,mbn_msk_2024
UC0wMDQ0Mjc5LVQwMS1JSDM6bWJuX21za18yMDI0,UC0wMDQ0Mjc5Om1ibl9tc2tfMjAyNA,mbn_msk_2024_mutations,P-0044279-T01-IH3,P-0044279,10672,mbn_msk_2024,MSKCC,SOMATIC,Unknown,500,729,1,1469,63010824,63010824,C,E229K,Missense_Mutation,GRCh37,SNP,GNA13 E229 missense,17,T,NM_006572.4,229,229,GNA13,mbn_msk_2024
UC0wMDQ0Mjc5LVQwMS1JSDM6bWJuX21za18yMDI0,UC0wMDQ0Mjc5Om1ibl9tc2tfMjAyNA,mbn_msk_2024_mutations,P-0044279-T01-IH3,P-0044279,10672,mbn_msk_2024,MSKCC,SOMATIC,Unknown,500,717,0,1433,63010845,63010845,C,D222N,Missense_Mutation,GRCh37,SNP,GNA13 D222 missense,17,T,NM_006572.4,222,222,GNA13,mbn_msk_2024
UC0wMDQ0Mjc5LVQwMS1JSDM6bWJuX21za18yMDI0,UC0wMDQ0Mjc5Om1ibl9tc2tfMjAyNA,mbn_msk_2024_mutations,P-0044279-T01-IH3,P-0044279,10672,mbn_msk_2024,MSKCC,SOMATIC,Unknown,445,521,0,1098,63049846,63049846,C,G95D,Missense_Mutation,GRCh37,SNP,GNA13 G95 missense,17,T,NM_006572.4,95,95,GNA13,mbn_msk_2024
UC0wMDQ0Mjc5LVQwMy1JSDM6bWJuX21za18yMDI0,UC0wMDQ0Mjc5Om1ibl9tc2tfMjAyNA,mbn_msk_2024_mutations,P-0044279-T03-IH3,P-0044279,10672,mbn_msk_2024,MSKCC,SOMATIC,Unknown,337,543,0,988,63049705,63049705,A,F142S,Missense_Mutation,GRCh37,SNP,GNA13 F142 missense,17,G,NM_006572.4,142,142,GNA13,mbn_msk_2024
UC0wMDQ0Mjc5LVQwMy1JSDM6bWJuX21za18yMDI0,UC0wMDQ0Mjc5Om1ibl9tc2tfMjAyNA,mbn_msk_2024_mutations,P-0044279-T03-IH3,P-0044279,10672,mbn_msk_2024,MSKCC,SOMATIC,Unknown,351,600,0,1132,63010824,63010824,C,E229K,Missense_Mutation,GRCh37,SNP,GNA13 E229 missense,17,T,NM_006572.4,229,229,GNA13,mbn_msk_2024
UC0wMDQ0Mjc5LVQwMy1JSDM6bWJuX21za18yMDI0,UC0wMDQ0Mjc5Om1ibl9tc2tfMjAyNA,mbn_msk_2024_mutations,P-0044279-T03-IH3,P-0044279,10672,mbn_msk_2024,MSKCC,SOMATIC,Unknown,356,601,0,1161,63010845,63010845,C,D222N,Missense_Mutation,GRCh37,SNP,GNA13 D222 missense,17,T,NM_006572.4,222,222,GNA13,mbn_msk_2024
UC0wMDQ0Mjc5LVQwMy1JSDM6bWJuX21za18yMDI0,UC0wMDQ0Mjc5Om1ibl9tc2tfMjAyNA,mbn_msk_2024_mutations,P-0044279-T03-IH3,P-0044279,10672,mbn_msk_2024,MSKCC,SOMATIC,Unknown,269,469,0,742,63049846,63049846,C,G95D,Missense_Mutation,GRCh37,SNP,GNA13 G95 missense,17,T,NM_006572.4,95,95,GNA13,mbn_msk_2024
UC0wMDQ1MTkyLVQwMS1JSDM6bWJuX21za18yMDI0,UC0wMDQ1MTkyOm1ibl9tc2tfMjAyNA,mbn_msk_2024_mutations,P-0045192-T01-IH3,P-0045192,10672,mbn_msk_2024,MSKCC,SOMATIC,Unknown,167,741,0,513,63010811,63010811,C,W233*,Nonsense_Mutation,GRCh37,SNP,GNA13 truncating,17,T,NM_006572.4,233,233,GNA13,mbn_msk_2024
UC0wMDQ1NTk2LVQwMi1JSDM6bWJuX21za18yMDI0,UC0wMDQ1NTk2Om1ibl9tc2tfMjAyNA,mbn_msk_2024_mutations,P-0045596-T02-IH3,P-0045596,7852,mbn_msk_2024,MSKCC,SOMATIC,Unknown,226,369,1,931,136873224,136873224,G,P92T,Missense_Mutation,GRCh37,SNP,CXCR4 P92 missense,2,T,NM_003467.2,92,92,CXCR4,mbn_msk_2024
UC0wMDQ1NTk2LVQwMi1JSDM6bWJuX21za18yMDI0,UC0wMDQ1NTk2Om1ibl9tc2tfMjAyNA,mbn_msk_2024_mutations,P-0045596-T02-IH3,P-0045596,7852,mbn_msk_2024,MSKCC,SOMATIC,Unknown,208,289,0,918,136873393,136873393,A,N35K,Missense_Mutation,GRCh37,SNP,CXCR4 N35 missense,2,C,NM_003467.2,35,35,CXCR4,mbn_msk_2024
UC0wMDQ2MTMzLVQwMi1JSDM6bWJuX21za18yMDI0,UC0wMDQ2MTMzOm1ibl9tc2tfMjAyNA,mbn_msk_2024_mutations,P-0046133-T02-IH3,P-0046133,286530,mbn_msk_2024,MSKCC,SOMATIC,Unknown,277,305,0,945,1584976,1584976,G,A159G,Missense_Mutation,GRCh37,SNP,P2RY8 A159 missense,23,C,NM_178129.4,159,159,P2RY8,mbn_msk_2024
UC0wMDQ2NDI2LVQwMS1JSDM6bWJuX21za18yMDI0,UC0wMDQ2NDI2Om1ibl9tc2tfMjAyNA,mbn_msk_2024_mutations,P-0046426-T01-IH3,P-0046426,10672,mbn_msk_2024,MSKCC,SOMATIC,Unknown,771,101,0,915,63052633,63052633,G,Q27*,Nonsense_Mutation,GRCh37,SNP,GNA13 truncating,17,A,NM_006572.4,27,27,GNA13,mbn_msk_2024
UC0wMDQ3NDI4LVQwMS1JSDM6bWJuX21za18yMDI0,UC0wMDQ3NDI4Om1ibl9tc2tfMjAyNA,mbn_msk_2024_mutations,P-0047428-T01-IH3,P-0047428,387,mbn_msk_2024,MSKCC,SOMATIC,Unknown,50,349,0,822,49413010,49413010,G,R5W,Missense_Mutation,GRCh37,SNP,RHOA R5 missense,3,A,NM_001664.2,5,5,RHOA,mbn_msk_2024
UC0wMDQ3NTIyLVQwMS1JSDM6bWJuX21za18yMDI0,UC0wMDQ3NTIyOm1ibl9tc2tfMjAyNA,mbn_msk_2024_mutations,P-0047522-T01-IH3,P-0047522,7852,mbn_msk_2024,MSKCC,SOMATIC,Unknown,169,364,0,666,136872485,136872485,G,S338*,Nonsense_Mutation,GRCh37,SNP,CXCR4 truncating,2,T,NM_003467.2,338,338,CXCR4,mbn_msk_2024
UC0wMDQ3NTIzLVQwMS1JSDM6bWJuX21za18yMDI0,UC0wMDQ3NTIzOm1ibl9tc2tfMjAyNA,mbn_msk_2024_mutations,P-0047523-T01-IH3,P-0047523,387,mbn_msk_2024,MSKCC,SOMATIC,Unknown,96,636,3,836,49405932,49405932,A,L69P,Missense_Mutation,GRCh37,SNP,RHOA L69 missense,3,G,NM_001664.2,69,69,RHOA,mbn_msk_2024
UC0wMDQ3NTIzLVQwMS1JSDM6bWJuX21za18yMDI0,UC0wMDQ3NTIzOm1ibl9tc2tfMjAyNA,mbn_msk_2024_mutations,P-0047523-T01-IH3,P-0047523,286530,mbn_msk_2024,MSKCC,SOMATIC,Unknown,80,492,0,899,1585403,1585403,G,L17M,Missense_Mutation,GRCh37,SNP,P2RY8 L17 missense,23,T,NM_178129.4,17,17,P2RY8,mbn_msk_2024
UC0wMDQ3Nzc1LVQwMS1JSDM6bWJuX21za18yMDI0,UC0wMDQ3Nzc1Om1ibl9tc2tfMjAyNA,mbn_msk_2024_mutations,P-0047775-T01-IH3,P-0047775,286530,mbn_msk_2024,MSKCC,SOMATIC,Unknown,139,546,1,1309,1584606,1584606,G,S282R,Missense_Mutation,GRCh37,SNP,P2RY8 S282 missense,23,T,NM_178129.4,282,282,P2RY8,mbn_msk_2024
UC0wMDQ4MzY1LVQwMS1JSDM6bWJuX21za18yMDI0,UC0wMDQ4MzY1Om1ibl9tc2tfMjAyNA,mbn_msk_2024_mutations,P-0048365-T01-IH3,P-0048365,387,mbn_msk_2024,MSKCC,SOMATIC,Unknown,46,852,1,1291,49399987,49399987,T,N117I,Missense_Mutation,GRCh37,SNP,RHOA N117 missense,3,A,NM_001664.2,117,117,RHOA,mbn_msk_2024
UC0wMDQ5MTY3LVQwMS1JSDM6bWJuX21za18yMDI0,UC0wMDQ5MTY3Om1ibl9tc2tfMjAyNA,mbn_msk_2024_mutations,P-0049167-T01-IH3,P-0049167,10672,mbn_msk_2024,MSKCC,SOMATIC,Unknown,785,214,1,1227,63052557,63052557,A,L52Q,Missense_Mutation,GRCh37,SNP,GNA13 L52 missense,17,T,NM_006572.4,52,52,GNA13,mbn_msk_2024
UC0wMDQ5MTY3LVQwMS1JSDM6bWJuX21za18yMDI0,UC0wMDQ5MTY3Om1ibl9tc2tfMjAyNA,mbn_msk_2024_mutations,P-0049167-T01-IH3,P-0049167,10672,mbn_msk_2024,MSKCC,SOMATIC,Unknown,305,102,1,514,63052701,63052701,A,F4S,Missense_Mutation,GRCh37,SNP,GNA13 F4 missense,17,G,NM_006572.4,4,4,GNA13,mbn_msk_2024
UC0wMDQ5Mzk0LVQwMi1JSDM6bWJuX21za18yMDI0,UC0wMDQ5Mzk0Om1ibl9tc2tfMjAyNA,mbn_msk_2024_mutations,P-0049394-T02-IH3,P-0049394,10672,mbn_msk_2024,MSKCC,SOMATIC,Unknown,145,197,0,541,63010902,63010902,T,T203A,Missense_Mutation,GRCh37,SNP,GNA13 T203 missense,17,C,NM_006572.4,203,203,GNA13,mbn_msk_2024
UC0wMDUwMzIwLVQwMS1JSDM6bWJuX21za18yMDI0,UC0wMDUwMzIwOm1ibl9tc2tfMjAyNA,mbn_msk_2024_mutations,P-0050320-T01-IH3,P-0050320,286530,mbn_msk_2024,MSKCC,SOMATIC,Unknown,512,197,0,1251,1585223,1585223,G,P77S,Missense_Mutation,GRCh37,SNP,P2RY8 P77 missense,23,A,NM_178129.4,77,77,P2RY8,mbn_msk_2024
UC0wMDU0NjA1LVQwMS1JSDM6bWJuX21za18yMDI0,UC0wMDU0NjA1Om1ibl9tc2tfMjAyNA,mbn_msk_2024_mutations,P-0054605-T01-IH3,P-0054605,387,mbn_msk_2024,MSKCC,SOMATIC,Unknown,251,396,0,1131,49412922,49412922,T,Y34C,Missense_Mutation,GRCh37,SNP,RHOA Y34 missense,3,C,NM_001664.2,34,34,RHOA,mbn_msk_2024
UC0wMDU2NDg3LVQwMS1JSDM6bWJuX21za18yMDI0,UC0wMDU2NDg3Om1ibl9tc2tfMjAyNA,mbn_msk_2024_mutations,P-0056487-T01-IH3,P-0056487,10672,mbn_msk_2024,MSKCC,SOMATIC,Unknown,2295,324,1,1656,63052503,63052503,A,I70N,Missense_Mutation,GRCh37,SNP,GNA13 I70 missense,17,T,NM_006572.4,70,70,GNA13,mbn_msk_2024
UC0wMDU2NDg3LVQwMS1JSDM6bWJuX21za18yMDI0,UC0wMDU2NDg3Om1ibl9tc2tfMjAyNA,mbn_msk_2024_mutations,P-0056487-T01-IH3,P-0056487,286530,mbn_msk_2024,MSKCC,SOMATIC,Unknown,731,299,0,1910,1584580,1584580,A,F291C,Missense_Mutation,GRCh37,SNP,P2RY8 F291 missense,23,C,NM_178129.4,291,291,P2RY8,mbn_msk_2024
UC0wMDU2ODIxLVQwMS1JSDM6bWJuX21za18yMDI0,UC0wMDU2ODIxOm1ibl9tc2tfMjAyNA,mbn_msk_2024_mutations,P-0056821-T01-IH3,P-0056821,387,mbn_msk_2024,MSKCC,SOMATIC,Unknown,341,438,0,1146,49405948,49405948,C,E64K,Missense_Mutation,GRCh37,SNP,RHOA E64 missense,3,T,NM_001664.2,64,64,RHOA,mbn_msk_2024
UC0wMDU2ODIxLVQwMS1JSDM6bWJuX21za18yMDI0,UC0wMDU2ODIxOm1ibl9tc2tfMjAyNA,mbn_msk_2024_mutations,P-0056821-T01-IH3,P-0056821,286530,mbn_msk_2024,MSKCC,SOMATIC,Unknown,476,141,1,1473,1584701,1584701,C,A251T,Missense_Mutation,GRCh37,SNP,P2RY8 A251 missense,23,T,NM_178129.4,251,251,P2RY8,mbn_msk_2024
UC0wMDU3NjE5LVQwMi1JSDM6bWJuX21za18yMDI0,UC0wMDU3NjE5Om1ibl9tc2tfMjAyNA,mbn_msk_2024_mutations,P-0057619-T02-IH3,P-0057619,7852,mbn_msk_2024,MSKCC,SOMATIC,Unknown,501,823,0,1205,136872545,136872546,-,T318Nfs*26,Frame_Shift_Ins,GRCh37,INS,CXCR4 truncating,2,T,NM_003467.2,318,318,CXCR4,mbn_msk_2024
UC0wMDU4MjU4LVQwMS1JSDM6bWJuX21za18yMDI0,UC0wMDU4MjU4Om1ibl9tc2tfMjAyNA,mbn_msk_2024_mutations,P-0058258-T01-IH3,P-0058258,7852,mbn_msk_2024,MSKCC,SOMATIC,Unknown,202,361,0,932,136872467,136872467,G,S344Y,Missense_Mutation,GRCh37,SNP,CXCR4 S344 missense,2,T,NM_003467.2,344,344,CXCR4,mbn_msk_2024
UC0wMDU4MjU4LVQwMS1JSDM6bWJuX21za18yMDI0,UC0wMDU4MjU4Om1ibl9tc2tfMjAyNA,mbn_msk_2024_mutations,P-0058258-T01-IH3,P-0058258,7852,mbn_msk_2024,MSKCC,SOMATIC,Unknown,351,318,0,1316,136872612,136872612,A,C296R,Missense_Mutation,GRCh37,SNP,CXCR4 C296 missense,2,G,NM_003467.2,296,296,CXCR4,mbn_msk_2024
UC0wMDU4MjU4LVQwMS1JSDM6bWJuX21za18yMDI0,UC0wMDU4MjU4Om1ibl9tc2tfMjAyNA,mbn_msk_2024_mutations,P-0058258-T01-IH3,P-0058258,286530,mbn_msk_2024,MSKCC,SOMATIC,Unknown,378,322,1,1634,1585051,1585051,C,W134*,Nonsense_Mutation,GRCh37,SNP,P2RY8 truncating,23,T,NM_178129.4,134,134,P2RY8,mbn_msk_2024
UC0wMDU4Mjg2LVQwMS1JSDM6bWJuX21za18yMDI0,UC0wMDU4Mjg2Om1ibl9tc2tfMjAyNA,mbn_msk_2024_mutations,P-0058286-T01-IH3,P-0058286,10672,mbn_msk_2024,MSKCC,SOMATIC,Unknown,128,604,0,1254,63052660,63052660,A,C18S,Missense_Mutation,GRCh37,SNP,GNA13 C18 missense,17,T,NM_006572.4,18,18,GNA13,mbn_msk_2024
UC0wMDU4Mjg2LVQwMS1JSDM6bWJuX21za18yMDI0,UC0wMDU4Mjg2Om1ibl9tc2tfMjAyNA,mbn_msk_2024_mutations,P-0058286-T01-IH3,P-0058286,10672,mbn_msk_2024,MSKCC,SOMATIC,Unknown,141,573,0,1227,63010400,63010400,T,N370I,Missense_Mutation,GRCh37,SNP,GNA13 N370 missense,17,A,NM_006572.4,370,370,GNA13,mbn_msk_2024
UC0wMDU4ODI4LVQwMS1JSDM6bWJuX21za18yMDI0,UC0wMDU4ODI4Om1ibl9tc2tfMjAyNA,mbn_msk_2024_mutations,P-0058828-T01-IH3,P-0058828,286530,mbn_msk_2024,MSKCC,SOMATIC,Unknown,220,221,0,1027,1585069,1585069,G,P128L,Missense_Mutation,GRCh37,SNP,P2RY8 P128 missense,23,A,NM_178129.4,128,128,P2RY8,mbn_msk_2024
UC0wMDU5ODQ2LVQwMS1JSDM6bWJuX21za18yMDI0,UC0wMDU5ODQ2Om1ibl9tc2tfMjAyNA,mbn_msk_2024_mutations,P-0059846-T01-IH3,P-0059846,7852,mbn_msk_2024,MSKCC,SOMATIC,Unknown,817,84,0,1571,136872909,136872909,C,V197I,Missense_Mutation,GRCh37,SNP,CXCR4 V197 missense,2,T,NM_003467.2,197,197,CXCR4,mbn_msk_2024
UC0wMDU5ODQ2LVQwMS1JSDM6bWJuX21za18yMDI0,UC0wMDU5ODQ2Om1ibl9tc2tfMjAyNA,mbn_msk_2024_mutations,P-0059846-T01-IH3,P-0059846,7852,mbn_msk_2024,MSKCC,SOMATIC,Unknown,620,60,0,957,136873470,136873470,C,D10N,Missense_Mutation,GRCh37,SNP,CXCR4 D10 missense,2,T,NM_003467.2,10,10,CXCR4,mbn_msk_2024
UC0wMDYwMDk4LVQwMi1JSDM6bWJuX21za18yMDI0,UC0wMDYwMDk4Om1ibl9tc2tfMjAyNA,mbn_msk_2024_mutations,P-0060098-T02-IH3,P-0060098,286530,mbn_msk_2024,MSKCC,SOMATIC,Unknown,481,481,0,1796,1585306,1585314,CACAGCACC,W46_L48del,In_Frame_Del,GRCh37,DEL,,23,-,NM_178129.4,46,48,P2RY8,mbn_msk_2024
UC0wMDYyNTgxLVQwMi1JSDM6bWJuX21za18yMDI0,UC0wMDYyNTgxOm1ibl9tc2tfMjAyNA,mbn_msk_2024_mutations,P-0062581-T02-IH3,P-0062581,10672,mbn_msk_2024,MSKCC,SOMATIC,Unknown,411,994,0,827,63052633,63052633,G,Q27*,Nonsense_Mutation,GRCh37,SNP,GNA13 truncating,17,A,NM_006572.4,27,27,GNA13,mbn_msk_2024
UC0wMDYyNTgxLVQwMi1JSDM6bWJuX21za18yMDI0,UC0wMDYyNTgxOm1ibl9tc2tfMjAyNA,mbn_msk_2024_mutations,P-0062581-T02-IH3,P-0062581,286530,mbn_msk_2024,MSKCC,SOMATIC,Unknown,165,1867,0,1125,1585162,1585162,T,N97S,Missense_Mutation,GRCh37,SNP,P2RY8 N97 missense,23,C,NM_178129.4,97,97,P2RY8,mbn_msk_2024
UC0wMDYyODk5LVQwMS1JSDM6bWJuX21za18yMDI0,UC0wMDYyODk5Om1ibl9tc2tfMjAyNA,mbn_msk_2024_mutations,P-0062899-T01-IH3,P-0062899,7852,mbn_msk_2024,MSKCC,SOMATIC,Unknown,301,868,0,1501,136875623,136875623,C,G3V,Missense_Mutation,GRCh37,SNP,CXCR4 G3 missense,2,A,NM_003467.2,3,3,CXCR4,mbn_msk_2024
UC0wMDYyODk5LVQwMS1JSDM6bWJuX21za18yMDI0,UC0wMDYyODk5Om1ibl9tc2tfMjAyNA,mbn_msk_2024_mutations,P-0062899-T01-IH3,P-0062899,10672,mbn_msk_2024,MSKCC,SOMATIC,Unknown,382,975,0,1726,63052513,63052513,G,Q67*,Nonsense_Mutation,GRCh37,SNP,GNA13 truncating,17,A,NM_006572.4,67,67,GNA13,mbn_msk_2024
UC0wMDYyOTAwLVQwMi1JSDM6bWJuX21za18yMDI0,UC0wMDYyOTAwOm1ibl9tc2tfMjAyNA,mbn_msk_2024_mutations,P-0062900-T02-IH3,P-0062900,7852,mbn_msk_2024,MSKCC,SOMATIC,Unknown,52,722,0,1010,136873069,136873069,G,N143K,Missense_Mutation,GRCh37,SNP,CXCR4 N143 missense,2,C,NM_003467.2,143,143,CXCR4,mbn_msk_2024
UC0wMDYzMjg2LVQwMS1JSDM6bWJuX21za18yMDI0,UC0wMDYzMjg2Om1ibl9tc2tfMjAyNA,mbn_msk_2024_mutations,P-0063286-T01-IH3,P-0063286,10672,mbn_msk_2024,MSKCC,SOMATIC,Unknown,141,604,2,1262,63052630,63052630,G,Q28*,Nonsense_Mutation,GRCh37,SNP,GNA13 truncating,17,A,NM_006572.4,28,28,GNA13,mbn_msk_2024
UC0wMDYzNTQ4LVQwMS1JSDM6bWJuX21za18yMDI0,UC0wMDYzNTQ4Om1ibl9tc2tfMjAyNA,mbn_msk_2024_mutations,P-0063548-T01-IH3,P-0063548,10672,mbn_msk_2024,MSKCC,SOMATIC,Unknown,137,623,0,1229,63052633,63052633,G,Q27*,Nonsense_Mutation,GRCh37,SNP,GNA13 truncating,17,A,NM_006572.4,27,27,GNA13,mbn_msk_2024
UC0wMDYzODcwLVQwMS1JSDM6bWJuX21za18yMDI0,UC0wMDYzODcwOm1ibl9tc2tfMjAyNA,mbn_msk_2024_mutations,P-0063870-T01-IH3,P-0063870,387,mbn_msk_2024,MSKCC,SOMATIC,Unknown,303,793,0,1345,49399958,49399958,T,T127P,Missense_Mutation,GRCh37,SNP,RHOA T127 missense,3,G,NM_001664.2,127,127,RHOA,mbn_msk_2024
UC0wMDY0ODcxLVQwMS1JSDM6bWJuX21za18yMDI0,UC0wMDY0ODcxOm1ibl9tc2tfMjAyNA,mbn_msk_2024_mutations,P-0064871-T01-IH3,P-0064871,10672,mbn_msk_2024,MSKCC,SOMATIC,Unknown,345,1102,0,2465,63052581,63052581,T,Y44S,Missense_Mutation,GRCh37,SNP,GNA13 Y44 missense,17,G,NM_006572.4,44,44,GNA13,mbn_msk_2024
UC0wMDY0ODcxLVQwMS1JSDM6bWJuX21za18yMDI0,UC0wMDY0ODcxOm1ibl9tc2tfMjAyNA,mbn_msk_2024_mutations,P-0064871-T01-IH3,P-0064871,10672,mbn_msk_2024,MSKCC,SOMATIC,Unknown,302,978,0,2250,63052604,63052604,T,K36N,Missense_Mutation,GRCh37,SNP,GNA13 K36 missense,17,G,NM_006572.4,36,36,GNA13,mbn_msk_2024
UC0wMDY0ODcxLVQwMS1JSDM6bWJuX21za18yMDI0,UC0wMDY0ODcxOm1ibl9tc2tfMjAyNA,mbn_msk_2024_mutations,P-0064871-T01-IH3,P-0064871,10672,mbn_msk_2024,MSKCC,SOMATIC,Unknown,276,973,0,2234,63052613,63052613,C,E33D,Missense_Mutation,GRCh37,SNP,GNA13 E33 missense,17,G,NM_006572.4,33,33,GNA13,mbn_msk_2024
UC0wMDY1MDg0LVQwMS1JSDM6bWJuX21za18yMDI0,UC0wMDY1MDg0Om1ibl9tc2tfMjAyNA,mbn_msk_2024_mutations,P-0065084-T01-IH3,P-0065084,286530,mbn_msk_2024,MSKCC,SOMATIC,Unknown,715,1718,0,1805,1584654,1584654,G,F266L,Missense_Mutation,GRCh37,SNP,P2RY8 F266 missense,23,T,NM_178129.4,266,266,P2RY8,mbn_msk_2024
UC0wMDY1NTI0LVQwMS1JSDM6bWJuX21za18yMDI0,UC0wMDY1NTI0Om1ibl9tc2tfMjAyNA,mbn_msk_2024_mutations,P-0065524-T01-IH3,P-0065524,387,mbn_msk_2024,MSKCC,UNKNOWN,Unknown,136,363,0,1231,49413010,49413010,G,R5W,Missense_Mutation,GRCh37,SNP,RHOA R5 missense,3,A,NM_001664.2,5,5,RHOA,mbn_msk_2024
UC0wMDY2ODI2LVQwMS1JSDM6bWJuX21za18yMDI0,UC0wMDY2ODI2Om1ibl9tc2tfMjAyNA,mbn_msk_2024_mutations,P-0066826-T01-IH3,P-0066826,10672,mbn_msk_2024,MSKCC,SOMATIC,Unknown,288,465,0,1004,63052438,63052438,C,V92M,Missense_Mutation,GRCh37,SNP,GNA13 V92 missense,17,T,NM_006572.4,92,92,GNA13,mbn_msk_2024
UC0wMDY2ODI2LVQwMi1JSDM6bWJuX21za18yMDI0,UC0wMDY2ODI2Om1ibl9tc2tfMjAyNA,mbn_msk_2024_mutations,P-0066826-T02-IH3,P-0066826,10672,mbn_msk_2024,MSKCC,SOMATIC,Unknown,217,493,0,1004,63052438,63052438,C,V92M,Missense_Mutation,GRCh37,SNP,GNA13 V92 missense,17,T,NM_006572.4,92,92,GNA13,mbn_msk_2024
UC0wMDY2OTU3LVQwMS1JSDM6bWJuX21za18yMDI0,UC0wMDY2OTU3Om1ibl9tc2tfMjAyNA,mbn_msk_2024_mutations,P-0066957-T01-IH3,P-0066957,10672,mbn_msk_2024,MSKCC,SOMATIC,Unknown,402,634,0,861,63049705,63049705,A,F142Sfs*8,Frame_Shift_Del,GRCh37,DEL,GNA13 truncating,17,-,NM_006572.4,142,142,GNA13,mbn_msk_2024
UC0wMDY2OTU3LVQwMS1JSDM6bWJuX21za18yMDI0,UC0wMDY2OTU3Om1ibl9tc2tfMjAyNA,mbn_msk_2024_mutations,P-0066957-T01-IH3,P-0066957,10672,mbn_msk_2024,MSKCC,SOMATIC,Unknown,394,562,0,762,63010400,63010400,T,N370S,Missense_Mutation,GRCh37,SNP,GNA13 N370 missense,17,C,NM_006572.4,370,370,GNA13,mbn_msk_2024
