uniqueSampleKey,uniquePatientKey,molecularProfileId,sampleId,patientId,entrezGeneId,studyId,center,mutationStatus,validationStatus,tumorAltCount,tumorRefCount,startPosition,endPosition,referenceAllele,proteinChange,mutationType,ncbiBuild,variantType,keyword,chr,variantAllele,refseqMrnaId,proteinPosStart,proteinPosEnd,gene_symbol
VENHQS1SUS1BNkpCLTAxOmRsYmNsbm9zX3RjZ2FfZ2Rj,VENHQS1SUS1BNkpCOmRsYmNsbm9zX3RjZ2FfZ2Rj,dlbclnos_tcga_gdc_mutations,TCGA-RQ-A6JB-01,TCGA-RQ-A6JB,9294,dlbclnos_tcga_gdc,BCM,Somatic,NA,7,10,10224120,10224120,G,H262Q,Missense_Mutation,GRCh38,SNP,S1PR2 H262 missense,19,T,NM_004230.4,262,262,S1PR2
VENHQS1SUS1BNkpCLTAxOmRsYmNsbm9zX3RjZ2FfZ2Rj,VENHQS1SUS1BNkpCOmRsYmNsbm9zX3RjZ2FfZ2Rj,dlbclnos_tcga_gdc_mutations,TCGA-RQ-A6JB-01,TCGA-RQ-A6JB,9294,dlbclnos_tcga_gdc,BCM,Somatic,NA,6,9,10224119,10224119,A,S263P,Missense_Mutation,GRCh38,SNP,S1PR2 S263 missense,19,G,NM_004230.4,263,263,S1PR2
VENHQS1GRi04MDQxLTAxOmRsYmNsbm9zX3RjZ2FfZ2Rj,VENHQS1GRi04MDQxOmRsYmNsbm9zX3RjZ2FfZ2Rj,dlbclnos_tcga_gdc_mutations,TCGA-FF-8041-01,TCGA-FF-8041,286530,dlbclnos_tcga_gdc,BCM,Somatic,NA,66,41,1465681,1465681,T,Y293F,Missense_Mutation,GRCh38,SNP,P2RY8 Y293 missense,23,A,NM_178129.5,293,293,P2RY8
VENHQS1GRi04MDQyLTAxOmRsYmNsbm9zX3RjZ2FfZ2Rj,VENHQS1GRi04MDQyOmRsYmNsbm9zX3RjZ2FfZ2Rj,dlbclnos_tcga_gdc_mutations,TCGA-FF-8042-01,TCGA-FF-8042,286530,dlbclnos_tcga_gdc,BCM,Somatic,NA,33,12,1465958,1465958,G,L201V,Missense_Mutation,GRCh38,SNP,P2RY8 L201 missense,23,C,NM_178129.5,201,201,P2RY8
VENHQS1GRi04MDQzLTAxOmRsYmNsbm9zX3RjZ2FfZ2Rj,VENHQS1GRi04MDQzOmRsYmNsbm9zX3RjZ2FfZ2Rj,dlbclnos_tcga_gdc_mutations,TCGA-FF-8043-01,TCGA-FF-8043,286530,dlbclnos_tcga_gdc,BCM,Somatic,NA,42,7,1466507,1466507,G,R18W,Missense_Mutation,GRCh38,SNP,P2RY8 R18 missense,23,A,NM_178129.5,18,18,P2RY8
VENHQS1GRi04MDYxLTAxOmRsYmNsbm9zX3RjZ2FfZ2Rj,VENHQS1GRi04MDYxOmRsYmNsbm9zX3RjZ2FfZ2Rj,dlbclnos_tcga_gdc_mutations,TCGA-FF-8061-01,TCGA-FF-8061,286530,dlbclnos_tcga_gdc,BCM,Somatic,NA,47,82,1465692,1465692,G,D289E,Missense_Mutation,GRCh38,SNP,P2RY8 D289 missense,23,T,NM_178129.5,289,289,P2RY8
VENHQS1GRi04MDYxLTAxOmRsYmNsbm9zX3RjZ2FfZ2Rj,VENHQS1GRi04MDYxOmRsYmNsbm9zX3RjZ2FfZ2Rj,dlbclnos_tcga_gdc_mutations,TCGA-FF-8061-01,TCGA-FF-8061,286530,dlbclnos_tcga_gdc,BCM,Somatic,NA,97,141,1466324,1466324,G,Q79K,Missense_Mutation,GRCh38,SNP,P2RY8 Q79 missense,23,T,NM_178129.5,79,79,P2RY8
VENHQS1GRi1BN0NYLTAxOmRsYmNsbm9zX3RjZ2FfZ2Rj,VENHQS1GRi1BN0NYOmRsYmNsbm9zX3RjZ2FfZ2Rj,dlbclnos_tcga_gdc_mutations,TCGA-FF-A7CX-01,TCGA-FF-A7CX,286530,dlbclnos_tcga_gdc,BCM,Somatic,NA,31,6,1466440,1466440,C,G40D,Missense_Mutation,GRCh38,SNP,P2RY8 G40 missense,23,T,NM_178129.5,40,40,P2RY8
VENHQS1HUy1BOVRXLTAxOmRsYmNsbm9zX3RjZ2FfZ2Rj,VENHQS1HUy1BOVRXOmRsYmNsbm9zX3RjZ2FfZ2Rj,dlbclnos_tcga_gdc_mutations,TCGA-GS-A9TW-01,TCGA-GS-A9TW,286530,dlbclnos_tcga_gdc,BCM,Somatic,NA,22,26,1465795,1465795,A,F255S,Missense_Mutation,GRCh38,SNP,P2RY8 F255 missense,23,G,NM_178129.5,255,255,P2RY8
VENHQS1HUy1BOVRXLTAxOmRsYmNsbm9zX3RjZ2FfZ2Rj,VENHQS1HUy1BOVRXOmRsYmNsbm9zX3RjZ2FfZ2Rj,dlbclnos_tcga_gdc_mutations,TCGA-GS-A9TW-01,TCGA-GS-A9TW,286530,dlbclnos_tcga_gdc,BCM,Somatic,NA,24,30,1465792,1465792,A,V256A,Missense_Mutation,GRCh38,SNP,P2RY8 V256 missense,23,G,NM_178129.5,256,256,P2RY8
VENHQS1HUy1BOVRRLTAxOmRsYmNsbm9zX3RjZ2FfZ2Rj,VENHQS1HUy1BOVRROmRsYmNsbm9zX3RjZ2FfZ2Rj,dlbclnos_tcga_gdc_mutations,TCGA-GS-A9TQ-01,TCGA-GS-A9TQ,10672,dlbclnos_tcga_gdc,BCM,Somatic,NA,7,41,65056415,65056415,C,G60D,Missense_Mutation,GRCh38,SNP,GNA13 G60 missense,17,T,NM_006572.6,60,60,GNA13
VENHQS1HUy1BOVRRLTAxOmRsYmNsbm9zX3RjZ2FfZ2Rj,VENHQS1HUy1BOVRROmRsYmNsbm9zX3RjZ2FfZ2Rj,dlbclnos_tcga_gdc_mutations,TCGA-GS-A9TQ-01,TCGA-GS-A9TQ,10672,dlbclnos_tcga_gdc,BCM,Somatic,NA,33,106,65014624,65014624,A,L256R,Missense_Mutation,GRCh38,SNP,GNA13 L256 missense,17,C,NM_006572.6,256,256,GNA13
VENHQS1HUy1BOVRaLTAxOmRsYmNsbm9zX3RjZ2FfZ2Rj,VENHQS1HUy1BOVRaOmRsYmNsbm9zX3RjZ2FfZ2Rj,dlbclnos_tcga_gdc_mutations,TCGA-GS-A9TZ-01,TCGA-GS-A9TZ,9138,dlbclnos_tcga_gdc,BCM,Somatic,NA,10,53,41906592,41906592,G,S876N,Missense_Mutation,GRCh38,SNP,ARHGEF1 S876 missense,19,A,NM_004706.4,876,876,ARHGEF1
VENHQS1GQS04NjkzLTAxOmRsYmNsbm9zX3RjZ2FfZ2Rj,VENHQS1GQS04NjkzOmRsYmNsbm9zX3RjZ2FfZ2Rj,dlbclnos_tcga_gdc_mutations,TCGA-FA-8693-01,TCGA-FA-8693,387,dlbclnos_tcga_gdc,BCM,Somatic,NA,49,112,49375576,49375576,C,R5Q,Missense_Mutation,GRCh38,SNP,RHOA R5 missense,3,T,NM_001313945.2,5,5,RHOA
VENHQS1GQS1BN1ExLTAxOmRsYmNsbm9zX3RjZ2FfZ2Rj,VENHQS1GQS1BN1ExOmRsYmNsbm9zX3RjZ2FfZ2Rj,dlbclnos_tcga_gdc_mutations,TCGA-FA-A7Q1-01,TCGA-FA-A7Q1,387,dlbclnos_tcga_gdc,BCM,Somatic,NA,42,50,49375577,49375577,G,R5W,Missense_Mutation,GRCh38,SNP,RHOA R5 missense,3,A,NM_001313945.2,5,5,RHOA
VENHQS1GQS1BNkhOLTAxOmRsYmNsbm9zX3RjZ2FfZ2Rj,VENHQS1GQS1BNkhOOmRsYmNsbm9zX3RjZ2FfZ2Rj,dlbclnos_tcga_gdc_mutations,TCGA-FA-A6HN-01,TCGA-FA-A6HN,7852,dlbclnos_tcga_gdc,BCM,Somatic,NA,27,118,136115057,136115057,C,A291T,Missense_Mutation,GRCh38,SNP,CXCR4 A291 missense,2,T,NM_003467.3,291,291,CXCR4
VENHQS1GRi1BN0NSLTAxOmRsYmNsbm9zX3RjZ2FfZ2Rj,VENHQS1GRi1BN0NSOmRsYmNsbm9zX3RjZ2FfZ2Rj,dlbclnos_tcga_gdc_mutations,TCGA-FF-A7CR-01,TCGA-FF-A7CR,7852,dlbclnos_tcga_gdc,BCM,Somatic,NA,37,85,136115878,136115878,C,G17D,Missense_Mutation,GRCh38,SNP,CXCR4 G17 missense,2,T,NM_003467.3,17,17,CXCR4
VENHQS1HUi1BNEQ1LTAxOmRsYmNsbm9zX3RjZ2FfZ2Rj,VENHQS1HUi1BNEQ1OmRsYmNsbm9zX3RjZ2FfZ2Rj,dlbclnos_tcga_gdc_mutations,TCGA-GR-A4D5-01,TCGA-GR-A4D5,7852,dlbclnos_tcga_gdc,BCM,Somatic,NA,5,50,136118050,136118050,A,I4S,Missense_Mutation,GRCh38,SNP,CXCR4 I4 missense,2,C,NM_003467.3,4,4,CXCR4
